-- phpMyAdmin SQL Dump
-- version 5.2.0
-- https://www.phpmyadmin.net/
--
-- Máy chủ: 127.0.0.1:3306
-- Thời gian đã tạo: Th1 04, 2024 lúc 05:41 PM
-- Phiên bản máy phục vụ: 8.0.31
-- Phiên bản PHP: 8.2.0

SET SQL_MODE = "NO_AUTO_VALUE_ON_ZERO";
START TRANSACTION;
SET time_zone = "+00:00";


/*!40101 SET @OLD_CHARACTER_SET_CLIENT=@@CHARACTER_SET_CLIENT */;
/*!40101 SET @OLD_CHARACTER_SET_RESULTS=@@CHARACTER_SET_RESULTS */;
/*!40101 SET @OLD_COLLATION_CONNECTION=@@COLLATION_CONNECTION */;
/*!40101 SET NAMES utf8mb4 */;

--
-- Cơ sở dữ liệu: `reviewtravel`
--

-- --------------------------------------------------------

--
-- Cấu trúc bảng cho bảng `categories`
--

DROP TABLE IF EXISTS `categories`;
CREATE TABLE IF NOT EXISTS `categories` (
  `id` int UNSIGNED NOT NULL AUTO_INCREMENT,
  `name` varchar(30) COLLATE utf8mb4_unicode_ci NOT NULL,
  `slug` varchar(20) COLLATE utf8mb4_unicode_ci NOT NULL,
  `is_place` tinyint(1) NOT NULL DEFAULT '1',
  `is_active` tinyint(1) NOT NULL DEFAULT '1',
  `created_at` timestamp NULL DEFAULT NULL,
  `updated_at` timestamp NULL DEFAULT NULL,
  PRIMARY KEY (`id`),
  UNIQUE KEY `categories_name_unique` (`name`),
  UNIQUE KEY `categories_slug_unique` (`slug`)
) ENGINE=MyISAM AUTO_INCREMENT=5 DEFAULT CHARSET=utf8mb4 COLLATE=utf8mb4_unicode_ci;

--
-- Đang đổ dữ liệu cho bảng `categories`
--

INSERT INTO `categories` (`id`, `name`, `slug`, `is_place`, `is_active`, `created_at`, `updated_at`) VALUES
(1, 'Homestay', 'homestay', 1, 1, '2024-01-04 15:19:43', '2024-01-04 15:19:43'),
(2, 'Khách sạn', 'hotel', 1, 1, '2024-01-04 15:19:43', '2024-01-04 15:19:43'),
(3, 'Resort', 'resort', 1, 1, '2024-01-04 15:19:43', '2024-01-04 15:19:43'),
(4, 'Tin tức', 'tin-tuc', 0, 0, '2024-01-04 15:19:43', '2024-01-04 15:19:43');

-- --------------------------------------------------------

--
-- Cấu trúc bảng cho bảng `comments`
--

DROP TABLE IF EXISTS `comments`;
CREATE TABLE IF NOT EXISTS `comments` (
  `id` bigint UNSIGNED NOT NULL AUTO_INCREMENT,
  `content` longtext COLLATE utf8mb4_unicode_ci NOT NULL,
  `user_id` bigint UNSIGNED NOT NULL,
  `post_id` bigint UNSIGNED NOT NULL,
  `is_active` tinyint(1) NOT NULL DEFAULT '1',
  `reply_id` bigint UNSIGNED DEFAULT NULL,
  `created_at` timestamp NULL DEFAULT NULL,
  `updated_at` timestamp NULL DEFAULT NULL,
  PRIMARY KEY (`id`),
  KEY `comments_user_id_foreign` (`user_id`),
  KEY `comments_post_id_foreign` (`post_id`),
  KEY `comments_reply_id_foreign` (`reply_id`)
) ENGINE=MyISAM AUTO_INCREMENT=35 DEFAULT CHARSET=utf8mb4 COLLATE=utf8mb4_unicode_ci;

--
-- Đang đổ dữ liệu cho bảng `comments`
--

INSERT INTO `comments` (`id`, `content`, `user_id`, `post_id`, `is_active`, `reply_id`, `created_at`, `updated_at`) VALUES
(1, 'Nihil occaecati dolores voluptatem voluptas eveniet ab iusto. Dolores debitis tenetur vero reprehenderit molestiae. Doloremque aliquid officia officiis qui quae. Nihil asperiores omnis earum quia praesentium.', 12, 9, 1, NULL, '2024-01-04 15:19:45', '2024-01-04 15:19:45'),
(2, 'Unde est vitae dolorem in ducimus delectus placeat. Nesciunt porro aspernatur sit odit. Ad in eum molestias fugit sed ut harum ullam. Quae modi reprehenderit dolor et mollitia.', 7, 6, 1, NULL, '2024-01-04 15:19:45', '2024-01-04 15:19:45'),
(3, 'Qui repellat consequatur distinctio et eos perferendis. Ut repudiandae earum iure voluptatem voluptatem. Incidunt sed voluptas distinctio laborum et est. Officia harum sed a ut.', 1, 3, 1, NULL, '2024-01-04 15:19:45', '2024-01-04 15:19:45'),
(4, 'Aliquid nemo magni nisi veniam. Ut cum laboriosam minus est.', 1, 3, 1, NULL, '2024-01-04 15:19:45', '2024-01-04 15:19:45'),
(5, 'Qui quos autem est sint deleniti reprehenderit. Qui autem error dolorum perspiciatis dolorem voluptatem.', 9, 10, 1, NULL, '2024-01-04 15:19:45', '2024-01-04 15:19:45'),
(6, 'Quo molestiae ullam aut. Iusto nisi quisquam odio nulla repellendus non. Laboriosam autem commodi eos molestias. Iusto facilis reprehenderit non dolorem nihil totam molestiae est.', 13, 11, 1, NULL, '2024-01-04 15:19:45', '2024-01-04 15:19:45'),
(7, 'In distinctio cum placeat delectus asperiores odit. Aut vitae officiis quidem rem. Ut tempore placeat rerum recusandae dignissimos.', 9, 9, 1, NULL, '2024-01-04 15:19:45', '2024-01-04 15:19:45'),
(8, 'Consequatur eligendi pariatur rem suscipit dolor animi eum. Cum inventore rem est occaecati. Est saepe dolores suscipit ut.', 2, 2, 1, NULL, '2024-01-04 15:19:45', '2024-01-04 15:19:45'),
(9, 'Non aperiam nisi ut vel temporibus. Dignissimos vero voluptate accusamus sapiente quis. Deleniti veniam dolore impedit et sint. Ut dolor dolorum voluptas assumenda voluptatem.', 13, 11, 1, NULL, '2024-01-04 15:19:45', '2024-01-04 15:19:45'),
(10, 'Eius laudantium voluptatum velit autem praesentium voluptatem. Aperiam repellendus ad veniam quod sint. Eos recusandae et error ut occaecati harum. Harum quo adipisci unde atque deserunt.', 10, 8, 1, NULL, '2024-01-04 15:19:45', '2024-01-04 15:19:45'),
(11, 'Itaque ullam hic voluptatem beatae autem. Ea autem nihil autem esse consequuntur voluptatem. Repellat eos corrupti odio dolore ducimus voluptates.', 8, 5, 1, NULL, '2024-01-04 15:19:45', '2024-01-04 15:19:45'),
(12, 'Possimus voluptatem hic aliquid qui. Deleniti aut voluptate nihil non. Et labore incidunt illum.', 13, 12, 1, NULL, '2024-01-04 15:19:45', '2024-01-04 15:19:45'),
(13, 'Totam omnis et harum quasi quia est. Sint ut blanditiis ut est voluptate perferendis. Sequi non expedita quisquam vero consequatur.', 9, 13, 1, NULL, '2024-01-04 15:19:45', '2024-01-04 15:19:45'),
(14, 'Unde doloribus neque nesciunt reprehenderit facere quia. Sit laborum qui reiciendis consequatur excepturi velit. Velit vitae officia corporis ut impedit. Vero sit voluptate inventore ea quia voluptatem.', 8, 3, 1, NULL, '2024-01-04 15:19:45', '2024-01-04 15:19:45'),
(15, 'Facere aut esse ipsam. Maxime molestias minima error facere asperiores optio. Nihil pariatur porro exercitationem quos.', 7, 2, 1, NULL, '2024-01-04 15:19:45', '2024-01-04 15:19:45'),
(16, 'Aut ullam voluptas ab temporibus. Omnis fugiat et et quo qui ut eum.', 1, 8, 1, 10, '2024-01-04 15:19:45', '2024-01-04 15:19:45'),
(17, 'A minus dolores iusto ut. Aut quis recusandae assumenda quis temporibus modi. Velit dolor aut voluptatem quod ut.', 1, 9, 1, 1, '2024-01-04 15:19:45', '2024-01-04 15:19:45'),
(18, 'Iusto nam delectus voluptas. Eum odio soluta ut sunt earum beatae. Quae provident impedit qui recusandae numquam explicabo. Culpa ut ut veniam atque reprehenderit sed suscipit.', 3, 4, 1, NULL, '2024-01-04 15:19:45', '2024-01-04 15:19:45'),
(19, 'Quam dignissimos qui nemo ipsum voluptatem dolores quo earum. Itaque aperiam praesentium vitae eum at. Eos incidunt libero et porro incidunt voluptates. Nisi dignissimos ea eaque quasi rem ducimus.', 8, 4, 1, NULL, '2024-01-04 15:19:45', '2024-01-04 15:19:45'),
(20, 'Voluptate sequi optio excepturi aliquid porro. Est dolores aspernatur rerum. Ad minima culpa qui soluta itaque quod repudiandae. Quam rerum sit esse in qui ipsa totam.', 13, 1, 1, NULL, '2024-01-04 15:19:45', '2024-01-04 15:19:45'),
(21, 'In quo architecto dignissimos iure. Neque tempora deserunt omnis non. Dolor aut et odio aut rerum nesciunt.', 13, 13, 1, 13, '2024-01-04 15:19:45', '2024-01-04 15:19:45'),
(22, 'Impedit cumque vel ut distinctio et. Quae corporis enim eum. Quaerat architecto quos sit tempora veritatis. Placeat mollitia excepturi totam voluptatem nam ea cum.', 10, 5, 1, 11, '2024-01-04 15:19:45', '2024-01-04 15:19:45'),
(23, 'Eos ratione voluptatem repellendus. Ut iure ducimus minus enim. Dolore praesentium autem optio saepe. Necessitatibus qui aut minima dolorem pariatur.', 3, 2, 1, 8, '2024-01-04 15:19:45', '2024-01-04 15:19:45'),
(24, 'A deserunt suscipit soluta dignissimos doloribus officiis quam. Cumque doloribus quod modi facilis voluptas voluptatibus. Fugit sunt vero qui unde voluptas. Omnis iure sit error reprehenderit possimus eveniet.', 9, 13, 1, 13, '2024-01-04 15:19:45', '2024-01-04 15:19:45'),
(25, 'Earum sit sequi earum quis. Minima ut error facere. Eum est atque vel optio. Non consequatur consequatur enim soluta unde accusamus.', 7, 2, 1, 8, '2024-01-04 15:19:45', '2024-01-04 15:19:45'),
(26, 'Iure eum et quia aut est eaque fugiat tempora. Repudiandae aut qui similique blanditiis sit sed fuga animi.', 8, 12, 1, 12, '2024-01-04 15:19:45', '2024-01-04 15:19:45'),
(27, 'Rem iusto suscipit consequatur non aut aut perferendis. Natus est saepe qui vero nihil voluptates ipsa. Fugiat voluptas non facere consequatur error.', 3, 1, 1, NULL, '2024-01-04 15:19:45', '2024-01-04 15:19:45'),
(28, 'Et corporis sint nulla ipsam. Nostrum numquam incidunt nulla aliquid quis. Distinctio omnis voluptas quaerat commodi cupiditate pariatur. Quae quis aut libero quas quia excepturi veritatis labore. Accusamus culpa non quibusdam temporibus veritatis nesciunt.', 7, 5, 1, 11, '2024-01-04 15:19:45', '2024-01-04 15:19:45'),
(29, 'Magnam placeat laborum reprehenderit quos. Ratione est eos sunt hic eligendi nihil animi. Ipsum quia vel eos fugit animi reprehenderit.', 6, 1, 1, NULL, '2024-01-04 15:19:45', '2024-01-04 15:19:45'),
(30, 'Nemo delectus et officia eius necessitatibus cum. Voluptatem tenetur perspiciatis ducimus labore qui dolores voluptatem. Quo sit dignissimos inventore omnis optio neque blanditiis nisi. Voluptas corporis nostrum fuga nihil quibusdam cumque.', 3, 10, 1, 5, '2024-01-04 15:19:45', '2024-01-04 15:19:45'),
(31, 'Rem iusto suscipit consequatur non aut aut perferendis. Natus est saepe qui vero nihil voluptates ipsa. Fugiat voluptas non facere consequatur error.', 13, 5, 1, NULL, '2024-01-04 16:52:58', '2024-01-04 16:52:58'),
(32, 'Natus est saepe qui vero nihil voluptates ipsa. Fugiat voluptas non facere consequatur error.', 6, 5, 1, NULL, '2024-01-04 16:53:49', '2024-01-04 16:53:49'),
(33, 'Quae corporis enim eum. Quaerat architecto quos sit tempora veritatis. Placeat mollitia excepturi totam voluptatem', 1, 5, 1, 22, '2024-01-04 16:56:03', '2024-01-04 16:56:03'),
(34, 'Iusto nam delectus voluptas. Eum odio soluta ut sunt earum beatae. Quae provident impedit qui recusandae numquam explicabo. Culpa ut ut veniam atque reprehenderit sed suscipit.', 2, 5, 1, NULL, '2024-01-04 16:56:03', '2024-01-04 16:56:03');

-- --------------------------------------------------------

--
-- Cấu trúc bảng cho bảng `comment_likes`
--

DROP TABLE IF EXISTS `comment_likes`;
CREATE TABLE IF NOT EXISTS `comment_likes` (
  `user_id` bigint UNSIGNED NOT NULL,
  `comment_id` bigint UNSIGNED NOT NULL,
  `created_at` timestamp NULL DEFAULT NULL,
  `updated_at` timestamp NULL DEFAULT NULL,
  PRIMARY KEY (`user_id`,`comment_id`),
  KEY `comment_likes_comment_id_foreign` (`comment_id`)
) ENGINE=MyISAM DEFAULT CHARSET=utf8mb4 COLLATE=utf8mb4_unicode_ci;

--
-- Đang đổ dữ liệu cho bảng `comment_likes`
--

INSERT INTO `comment_likes` (`user_id`, `comment_id`, `created_at`, `updated_at`) VALUES
(2, 29, '2024-01-04 15:19:45', '2024-01-04 15:19:45'),
(7, 17, '2024-01-04 15:19:45', '2024-01-04 15:19:45'),
(9, 21, '2024-01-04 15:19:45', '2024-01-04 15:19:45'),
(1, 26, '2024-01-04 15:19:45', '2024-01-04 15:19:45'),
(1, 4, '2024-01-04 15:19:45', '2024-01-04 15:19:45'),
(1, 8, '2024-01-04 15:19:45', '2024-01-04 15:19:45'),
(9, 29, '2024-01-04 15:19:45', '2024-01-04 15:19:45'),
(5, 25, '2024-01-04 15:19:45', '2024-01-04 15:19:45'),
(4, 17, '2024-01-04 15:19:45', '2024-01-04 15:19:45'),
(10, 4, '2024-01-04 15:19:45', '2024-01-04 15:19:45'),
(1, 20, '2024-01-04 15:19:45', '2024-01-04 15:19:45'),
(12, 21, '2024-01-04 15:19:45', '2024-01-04 15:19:45'),
(6, 22, '2024-01-04 15:19:45', '2024-01-04 15:19:45'),
(5, 23, '2024-01-04 15:19:45', '2024-01-04 15:19:45'),
(4, 28, '2024-01-04 15:19:45', '2024-01-04 15:19:45'),
(8, 1, '2024-01-04 15:19:45', '2024-01-04 15:19:45'),
(4, 15, '2024-01-04 15:19:45', '2024-01-04 15:19:45'),
(1, 24, '2024-01-04 15:19:45', '2024-01-04 15:19:45'),
(3, 11, '2024-01-04 15:19:45', '2024-01-04 15:19:45'),
(10, 17, '2024-01-04 15:19:45', '2024-01-04 15:19:45'),
(13, 5, '2024-01-04 15:19:45', '2024-01-04 15:19:45'),
(2, 17, '2024-01-04 15:19:45', '2024-01-04 15:19:45'),
(10, 7, '2024-01-04 15:19:45', '2024-01-04 15:19:45'),
(3, 8, '2024-01-04 15:19:45', '2024-01-04 15:19:45'),
(1, 19, '2024-01-04 15:19:45', '2024-01-04 15:19:45'),
(1, 21, '2024-01-04 15:19:45', '2024-01-04 15:19:45'),
(5, 28, '2024-01-04 15:19:45', '2024-01-04 15:19:45'),
(7, 12, '2024-01-04 15:19:45', '2024-01-04 15:19:45'),
(12, 8, '2024-01-04 15:19:45', '2024-01-04 15:19:45'),
(9, 8, '2024-01-04 15:19:45', '2024-01-04 15:19:45'),
(6, 31, '2024-01-04 16:54:12', '2024-01-04 16:54:12'),
(1, 31, '2024-01-04 16:55:33', '2024-01-04 16:55:33');

-- --------------------------------------------------------

--
-- Cấu trúc bảng cho bảng `districts`
--

DROP TABLE IF EXISTS `districts`;
CREATE TABLE IF NOT EXISTS `districts` (
  `id` int UNSIGNED NOT NULL AUTO_INCREMENT,
  `name` varchar(40) COLLATE utf8mb4_unicode_ci NOT NULL,
  `slug` varchar(20) COLLATE utf8mb4_unicode_ci NOT NULL,
  `province_id` int UNSIGNED NOT NULL,
  `created_at` timestamp NULL DEFAULT NULL,
  `updated_at` timestamp NULL DEFAULT NULL,
  PRIMARY KEY (`id`),
  KEY `districts_province_id_foreign` (`province_id`)
) ENGINE=MyISAM AUTO_INCREMENT=9 DEFAULT CHARSET=utf8mb4 COLLATE=utf8mb4_unicode_ci;

--
-- Đang đổ dữ liệu cho bảng `districts`
--

INSERT INTO `districts` (`id`, `name`, `slug`, `province_id`, `created_at`, `updated_at`) VALUES
(1, 'Lương Sơn', 'luong-son', 30, '2024-01-04 15:19:44', '2024-01-04 15:19:44'),
(2, 'Hoàn Kiếm', 'hoan-kiem', 24, '2024-01-04 15:19:44', '2024-01-04 15:19:44'),
(3, 'Sóc Sơn', 'soc-son', 24, '2024-01-04 15:19:44', '2024-01-04 15:19:44'),
(4, 'Đà Lạt', 'da-lat', 36, '2024-01-04 15:19:44', '2024-01-04 15:19:44'),
(5, 'Phan Rang', 'phan-rang', 43, '2024-01-04 15:19:44', '2024-01-04 15:19:44'),
(6, 'Ba Vì', 'ba-vi', 24, '2024-01-04 15:19:44', '2024-01-04 15:19:44'),
(7, 'Phú Quốc', 'phu-quoc', 33, '2024-01-04 15:19:44', '2024-01-04 15:19:44'),
(8, 'Tây Hồ', 'tay-ho', 24, '2024-01-04 15:19:44', '2024-01-04 15:19:44');

-- --------------------------------------------------------

--
-- Cấu trúc bảng cho bảng `migrations`
--

DROP TABLE IF EXISTS `migrations`;
CREATE TABLE IF NOT EXISTS `migrations` (
  `id` int UNSIGNED NOT NULL AUTO_INCREMENT,
  `migration` varchar(191) COLLATE utf8mb4_unicode_ci NOT NULL,
  `batch` int NOT NULL,
  PRIMARY KEY (`id`)
) ENGINE=MyISAM AUTO_INCREMENT=17 DEFAULT CHARSET=utf8mb4 COLLATE=utf8mb4_unicode_ci;

--
-- Đang đổ dữ liệu cho bảng `migrations`
--

INSERT INTO `migrations` (`id`, `migration`, `batch`) VALUES
(1, '2019_12_14_000001_create_personal_access_tokens_table', 1),
(2, '2023_10_24_101843_create_users_table', 1),
(3, '2023_10_24_101934_create_categories_table', 1),
(4, '2023_10_24_102016_create_regions_table', 1),
(5, '2023_10_24_102047_create_provinces_table', 1),
(6, '2023_10_24_102050_create_districts_table', 1),
(7, '2023_10_24_102117_create_posts_table', 1),
(8, '2023_10_24_102438_create_comments_table', 1),
(9, '2023_10_24_102539_create_comment_likes_table', 1),
(10, '2023_10_24_102818_create_post_likes_table', 1),
(11, '2023_11_20_014410_password_reset_tokens_table', 1),
(12, '2023_11_20_124459_create_roles_table', 1),
(13, '2023_12_02_095835_create_post_images_table', 1),
(14, '2023_12_10_115745_create_places_table', 1),
(15, '2023_12_10_123237_create_reviews_table', 1),
(16, '2023_12_10_125716_create_ratings_table', 1);

-- --------------------------------------------------------

--
-- Cấu trúc bảng cho bảng `password_reset_tokens`
--

DROP TABLE IF EXISTS `password_reset_tokens`;
CREATE TABLE IF NOT EXISTS `password_reset_tokens` (
  `email` varchar(191) COLLATE utf8mb4_unicode_ci NOT NULL,
  `token` varchar(191) COLLATE utf8mb4_unicode_ci NOT NULL,
  `created_at` timestamp NULL DEFAULT NULL,
  PRIMARY KEY (`email`)
) ENGINE=MyISAM DEFAULT CHARSET=utf8mb4 COLLATE=utf8mb4_unicode_ci;

-- --------------------------------------------------------

--
-- Cấu trúc bảng cho bảng `personal_access_tokens`
--

DROP TABLE IF EXISTS `personal_access_tokens`;
CREATE TABLE IF NOT EXISTS `personal_access_tokens` (
  `id` bigint UNSIGNED NOT NULL AUTO_INCREMENT,
  `tokenable_type` varchar(191) COLLATE utf8mb4_unicode_ci NOT NULL,
  `tokenable_id` bigint UNSIGNED NOT NULL,
  `name` varchar(191) COLLATE utf8mb4_unicode_ci NOT NULL,
  `token` varchar(64) COLLATE utf8mb4_unicode_ci NOT NULL,
  `abilities` text COLLATE utf8mb4_unicode_ci,
  `last_used_at` timestamp NULL DEFAULT NULL,
  `expires_at` timestamp NULL DEFAULT NULL,
  `created_at` timestamp NULL DEFAULT NULL,
  `updated_at` timestamp NULL DEFAULT NULL,
  PRIMARY KEY (`id`),
  UNIQUE KEY `personal_access_tokens_token_unique` (`token`),
  KEY `personal_access_tokens_tokenable_type_tokenable_id_index` (`tokenable_type`,`tokenable_id`)
) ENGINE=MyISAM DEFAULT CHARSET=utf8mb4 COLLATE=utf8mb4_unicode_ci;

-- --------------------------------------------------------

--
-- Cấu trúc bảng cho bảng `places`
--

DROP TABLE IF EXISTS `places`;
CREATE TABLE IF NOT EXISTS `places` (
  `id` bigint UNSIGNED NOT NULL AUTO_INCREMENT,
  `name` varchar(30) COLLATE utf8mb4_unicode_ci NOT NULL,
  `slug` varchar(30) COLLATE utf8mb4_unicode_ci NOT NULL,
  `category_id` int UNSIGNED NOT NULL,
  `address` varchar(255) COLLATE utf8mb4_unicode_ci DEFAULT NULL,
  `district_id` int UNSIGNED NOT NULL,
  `min_price` bigint UNSIGNED NOT NULL DEFAULT '0',
  `max_price` bigint UNSIGNED NOT NULL DEFAULT '0',
  `is_active` tinyint(1) NOT NULL DEFAULT '1',
  `created_at` timestamp NULL DEFAULT NULL,
  `updated_at` timestamp NULL DEFAULT NULL,
  PRIMARY KEY (`id`),
  KEY `places_category_id_foreign` (`category_id`),
  KEY `places_district_id_foreign` (`district_id`)
) ENGINE=MyISAM AUTO_INCREMENT=25 DEFAULT CHARSET=utf8mb4 COLLATE=utf8mb4_unicode_ci;

--
-- Đang đổ dữ liệu cho bảng `places`
--

INSERT INTO `places` (`id`, `name`, `slug`, `category_id`, `address`, `district_id`, `min_price`, `max_price`, `is_active`, `created_at`, `updated_at`) VALUES
(1, 'A Little Hill & Forest', 'a-little-hill-forest', 1, 'Xóm Suối Yên, xã Cư Yên', 1, 12000000, 16000000, 1, '2024-01-04 15:19:44', '2024-01-04 15:19:44'),
(2, 'LH Homestay', 'lh-homestay', 1, '246A phố Hàng Bông, phường Cửa Nam', 2, 700000, 770000, 1, '2024-01-04 15:19:44', '2024-01-04 15:19:44'),
(3, 'Bungalow Solaria Garden', 'bungalow-solaria-garden', 1, 'Đội 1 thôn Minh Tân, xã Minh Trí', 3, 900000, 1500000, 1, '2024-01-04 15:19:44', '2024-01-04 15:19:44'),
(4, 'Santori Villa Sóc Sơn', 'santori-villa-soc-son', 1, 'Hiền Ninh', 3, 1600000, 2000000, 1, '2024-01-04 15:19:44', '2024-01-04 15:19:44'),
(5, 'O’chen Villa', 'ochen-villa', 1, 'Minh Tân, Minh Trí', 3, 2200000, 3300000, 1, '2024-01-04 15:19:44', '2024-01-04 15:19:44'),
(6, 'Nhà Bên Rừng Ulesa ', 'nha-ben-rung-ulesa', 1, 'Xã Minh Phú', 3, 1199000, 1199000, 1, '2024-01-04 15:19:44', '2024-01-04 15:19:44'),
(7, 'EA Villa Sóc Sơn', 'ea-villa-soc-son', 1, 'Xã Minh Phú', 3, 900000, 900000, 1, '2024-01-04 15:19:44', '2024-01-04 15:19:44'),
(8, 'The Nest Đà Lạt', 'the-nest-da-lat', 2, 'Phường 7', 4, 800000, 4000000, 1, '2024-01-04 15:19:44', '2024-01-04 15:19:44'),
(9, 'Melody Retreat', 'melody-retreat', 1, 'Xã Cư Yên', 1, 1250000, 5200000, 1, '2024-01-04 15:19:44', '2024-01-04 15:19:44'),
(10, 'Onsen Villas', 'onsen-villas', 1, 'Thôn Gò Bình', 1, 600000, 600000, 1, '2024-01-04 15:19:44', '2024-01-04 15:19:44'),
(11, 'Satoyama Village', 'satoyama-village', 1, 'Xã Cư Yên', 1, 1850000, 8050000, 1, '2024-01-04 15:19:44', '2024-01-04 15:19:44'),
(12, 'Phan Rang Hotel', 'phan-rang-hotel', 2, 'Khu phố 5, Thanh Sơn', 5, 0, 0, 1, '2024-01-04 15:19:44', '2024-01-04 15:19:44'),
(13, 'Hotel Minh Quang', 'hotel-minh-quang', 2, '16/4, phường 4, quận Mỹ Hải', 5, 0, 0, 1, '2024-01-04 15:19:44', '2024-01-04 15:19:44'),
(14, 'Ninh Chu Hotel', 'ninh-chu-hotel', 2, 'Ninh Chữ 2, Khánh Hải', 5, 0, 0, 1, '2024-01-04 15:19:44', '2024-01-04 15:19:44'),
(15, 'Đông Nam Hotel', 'dong-nam-hotel', 2, 'H1, H2, H3 Võ Giới Sơn, Tháp Chăm', 5, 0, 0, 1, '2024-01-04 15:19:44', '2024-01-04 15:19:44'),
(16, 'Thang Mây Villa & Resort', 'thang-may-villa-resort', 3, 'Xóm Chóng, Yên Bài', 6, 3500000, 3500000, 1, '2024-01-04 15:19:44', '2024-01-04 15:19:44'),
(17, 'Palm Hill Resort', 'palm-hill-resort', 3, 'Tổ 3, ấp Ông Lang', 7, 615000, 615000, 1, '2024-01-04 15:19:44', '2024-01-04 15:19:44'),
(18, 'Nobita Homestay Sóc Sơn', 'nobita-homestay-soc-son', 1, 'Thanh Hà', 3, 4500000, 8500000, 1, '2024-01-04 15:19:44', '2024-01-04 15:19:44'),
(19, 'Thung Ca Home', 'thung-ca-home', 1, '9/3 Đặng Thái Thân, Phường 3', 4, 460000, 460000, 1, '2024-01-04 15:19:44', '2024-01-04 15:19:44'),
(20, 'Hygge Homestay', 'hygge-homestay', 1, '244 Đ. Âu Cơ, Quảng An', 8, 1600000, 2050000, 1, '2024-01-04 15:19:44', '2024-01-04 15:19:44'),
(21, 'Holiday Romance Phú Quốc', 'holiday-romance-phu-quoc', 1, 'Phố đi bộ Sonasea, Đường Bào', 7, 600000, 900000, 1, '2024-01-04 15:19:44', '2024-01-04 15:19:44'),
(22, 'Belle Amour Hotel', 'belle-amour-hotel', 2, '16A Phạm Ngũ Lão, quận 3', 4, 0, 0, 1, '2024-01-04 15:19:44', '2024-01-04 15:19:44'),
(23, 'Dalat Lanani Hotel', 'dalat-lanani-hotel', 2, '07 Phan Đình Phùng', 4, 0, 0, 1, '2024-01-04 15:19:44', '2024-01-04 15:19:44'),
(24, 'Gia Phạm Hotel', 'gia-pham-hotel', 2, 'G5b Mạc Đĩnh Chi, quận 4', 4, 243902, 268293, 1, '2024-01-04 15:19:44', '2024-01-04 15:19:44');

-- --------------------------------------------------------

--
-- Cấu trúc bảng cho bảng `posts`
--

DROP TABLE IF EXISTS `posts`;
CREATE TABLE IF NOT EXISTS `posts` (
  `id` bigint UNSIGNED NOT NULL AUTO_INCREMENT,
  `title` varchar(100) COLLATE utf8mb4_unicode_ci NOT NULL,
  `slug` varchar(30) COLLATE utf8mb4_unicode_ci NOT NULL,
  `desc` text COLLATE utf8mb4_unicode_ci,
  `content` longtext COLLATE utf8mb4_unicode_ci,
  `tags` varchar(255) COLLATE utf8mb4_unicode_ci DEFAULT NULL,
  `category_id` int UNSIGNED NOT NULL,
  `admin_id` bigint UNSIGNED NOT NULL,
  `is_active` tinyint(1) NOT NULL DEFAULT '1',
  `created_at` timestamp NULL DEFAULT NULL,
  `updated_at` timestamp NULL DEFAULT NULL,
  `view_count` int NOT NULL DEFAULT '0',
  PRIMARY KEY (`id`),
  UNIQUE KEY `posts_title_unique` (`title`),
  UNIQUE KEY `posts_slug_unique` (`slug`),
  KEY `posts_category_id_foreign` (`category_id`),
  KEY `posts_admin_id_foreign` (`admin_id`)
) ENGINE=MyISAM AUTO_INCREMENT=14 DEFAULT CHARSET=utf8mb4 COLLATE=utf8mb4_unicode_ci;

--
-- Đang đổ dữ liệu cho bảng `posts`
--

INSERT INTO `posts` (`id`, `title`, `slug`, `desc`, `content`, `tags`, `category_id`, `admin_id`, `is_active`, `created_at`, `updated_at`, `view_count`) VALUES
(1, 'A Little Hill & Forest Hoà Bình - Một Nhật Bản Thu Nhỏ Giữa Lòng Hòa Bình', 'a-little-hill-forest-hoa-bin', 'Tọa lạc giữa thiên nhiên núi rừng Hòa Bình, A Little Hill & Forest là sự giao thoa giữa kiến trúc tối giản và thiên nhiên xanh mát.', '<h2 style=\"text-align:justify;\"><span style=\"color:hsl(0,0%,0%);font-family:Arial, Helvetica, sans-serif;\"><strong>Những điều đặc biệt tại </strong></span><a href=\"http://localhost:8000/place/a-little-hill-forest\"><span style=\"color:hsl(0,0%,0%);font-family:Arial, Helvetica, sans-serif;\"><strong>A Little Hill &amp; Forest</strong></span></a></h2><p style=\"text-align:justify;\"><span style=\"color:hsl(0,0%,0%);font-family:Arial, Helvetica, sans-serif;\">Với mong muốn hướng con người đến với thiên nhiên, những ngôi nhà nơi đây đều được thiết kế hoàn toàn bằng gỗ, nằm thấp thoáng ở lưng chừng đồi cùng núi non trùng điệp ngút ngàn tầm mắt.</span></p><figure class=\"image\"><img style=\"aspect-ratio:2048/1364;\" src=\"https://homestay.review/wp-content/uploads/2023/07/khuon-vien-alittle-hill.jpg\" width=\"2048\" height=\"1364\"></figure><p style=\"text-align:justify;\"><span style=\"color:hsl(0,0%,0%);font-family:Arial, Helvetica, sans-serif;\">Bạn sẽ ngạc nhiên với ngôi nhà chính rộng không tưởng, có hàng hiên trước nhà tầm view “triệu like”. Phòng Bungalow rộng rãi, phía trên là tầng lửng nằm cạnh dòng suối nhỏ thơ mộng.</span></p><figure class=\"image\"><img style=\"aspect-ratio:1280/960;\" src=\"https://homestay.review/wp-content/uploads/2023/07/vuon-hoa-alittle-hill.jpg\" alt=\"Vường hoa quanh khu A Little Hill \" width=\"1280\" height=\"960\"></figure><p style=\"text-align:justify;\"><span style=\"color:hsl(0,0%,0%);font-family:Arial, Helvetica, sans-serif;\">Homestay có khu tập golf trong sân cực Chill hướng ra bể bơi vô cực. Khu nướng BBQ “đỉnh của chóp” được ốp bằng đá hộc tự nhiên với bếp nướng than cực lớn.</span></p><figure class=\"image\"><img style=\"aspect-ratio:2048/1536;\" src=\"https://homestay.review/wp-content/uploads/2023/07/be-boi-vo-cuc-alittle-hill.jpg\" width=\"2048\" height=\"1536\"></figure><h2 style=\"text-align:justify;\"><span style=\"color:hsl(0,0%,0%);font-family:Arial, Helvetica, sans-serif;\"><strong>Thông tin chi tiết</strong></span></h2><p style=\"text-align:justify;\"><span style=\"color:hsl(0,0%,0%);font-family:Arial, Helvetica, sans-serif;\">A Little Hill &amp; Forest Hòa Bình có tổng diện tích toàn khu lên tới 6000m2 được chia thành 2 phân khu nhỏ bao gồm: Little Hill và Little Forest.</span></p><p style=\"text-align:justify;\"><span class=\"text-big\" style=\"color:hsl(0,0%,0%);font-family:Arial, Helvetica, sans-serif;\"><strong>Khu Little Hill</strong></span></p><p style=\"text-align:justify;\"><span style=\"color:hsl(0,0%,0%);font-family:Arial, Helvetica, sans-serif;\">Khu <strong>Little Hill</strong> có diện tích 3000m2 nằm ở vị trí riêng biệt trên lưng chừng đồi, bao gồm 3 căn nhà: Nhà chính diện và 2 bungalow.</span></p><figure class=\"image\"><img style=\"aspect-ratio:2048/1364;\" src=\"https://homestay.review/wp-content/uploads/2023/07/toan-canh-alittle-hill.jpg\" width=\"2048\" height=\"1364\"></figure><p><span style=\"color:hsl(0,0%,0%);font-family:Arial, Helvetica, sans-serif;\"><strong>Nhà chính diện</strong> 150m gồm 1 khu sinh hoạt chung và 2 phòng ngủ xinh xắn phong cách vintage.</span></p><figure class=\"image\"><img style=\"aspect-ratio:1536/2048;\" src=\"https://homestay.review/wp-content/uploads/2023/07/img_20230713_152026-15237.jpg\" width=\"1536\" height=\"2048\"></figure><p style=\"text-align:justify;\"><span style=\"color:hsl(0,0%,0%);font-family:Arial, Helvetica, sans-serif;\"><strong>Khu bếp</strong> được trang bị đầy đủ tiện nghi: tủ lạnh, bếp từ, xoong nồi, bát đũa, nồi cơm điện, bếp lẩu,…</span></p><figure class=\"image\"><img style=\"aspect-ratio:2048/1536;\" src=\"https://homestay.review/wp-content/uploads/2023/07/nha-bep-alittle-hill.jpg\" width=\"2048\" height=\"1536\"></figure><p style=\"text-align:justify;\"><span style=\"color:hsl(0,0%,0%);font-family:Arial, Helvetica, sans-serif;\"><strong>2 bungalow </strong>diện tích 35m2 với các vách kính trong suốt view đồi núi. Phòng khách của Bungalow được trang bị bàn trà và đệm ngồi bệt theo phong cách Nhật Bản ở tầng 1. Tầng 2 là phòng ngủ mở xinh xắn được thiết kế theo phong cách tối giản của Nhật.</span></p><figure class=\"image\"><img style=\"aspect-ratio:1536/2048;\" src=\"https://homestay.review/wp-content/uploads/2023/07/phong-khach-bungalow-alittle-hill.jpg\" width=\"1536\" height=\"2048\"></figure><p><span style=\"color:hsl(0,0%,0%);font-family:Arial, Helvetica, sans-serif;\">Bungalow nhà kính được bài trí thông minh khiến không gian trở nên rộng hơn.</span></p><p><span class=\"text-big\" style=\"color:hsl(0,0%,0%);font-family:Arial, Helvetica, sans-serif;\"><strong>Khu Forest</strong></span></p><p style=\"text-align:justify;\"><a href=\"\"><span style=\"color:hsl(0,0%,0%);font-family:Arial, Helvetica, sans-serif;\"><strong>Little Forest</strong> được thiết kế theo phong cách tối giản của Nhật nhưng vẫn toát lên sự sang trọng, đẳng cấp.&nbsp; Khu Forest cũng gồm 1 khu nhà chính rộng 150m và 2 bungalow.</span></a></p><figure class=\"image\"><img style=\"aspect-ratio:2048/1536;\" src=\"https://homestay.review/wp-content/uploads/2023/07/bungalow-alittle-hill.jpg\" width=\"2048\" height=\"1536\"></figure><p style=\"text-align:justify;\"><span style=\"color:hsl(0,0%,0%);font-family:Arial, Helvetica, sans-serif;\"><strong>Khu nhà chính</strong> gồm 1 phòng khách tối giản và 2 phòng ngủ khép kín.</span></p><figure class=\"image\"><img style=\"aspect-ratio:2048/1536;\" src=\"https://homestay.review/wp-content/uploads/2023/07/phong-khach-bulgalow-alittle-hill.jpg\" width=\"2048\" height=\"1536\"></figure><p style=\"text-align:justify;\"><span style=\"color:hsl(0,0%,0%);font-family:Arial, Helvetica, sans-serif;\">Điểm đặc biệt ở nhà chính khu Forest là sở hữu 1 bồn tắm sục khoáng Onsen thư giãn riêng tư, view đồi núi siêu chill.</span></p><figure class=\"image\"><img style=\"aspect-ratio:2048/1536;\" src=\"https://homestay.review/wp-content/uploads/2023/07/bungalow-alittle-forest.jpg\" width=\"2048\" height=\"1536\"></figure><p style=\"text-align:justify;\"><span style=\"color:hsl(0,0%,0%);font-family:Arial, Helvetica, sans-serif;\">Nhìn chung A Little Hill &amp; Forest là một khu nghỉ dưỡng đáng để trải nghiệm trong mùa hè này. Đến với homestay bạn có thể quên đi bộn bề công việc, hòa mình vào không gian xanh mát cùng người thân yêu. Tuy nhiên vì đặc điểm nhiều cây khu hay có muỗi, bạn nên mang theo thuốc bôi muỗi để có một kỳ nghỉ dưỡng an toàn.</span></p>', 'homestay Hòa Bình,homestay Lương Sơn,homestay miền bắc', 1, 6, 1, '2024-01-04 15:19:44', '2024-01-04 16:52:19', 12),
(2, 'Lh Homestay - Review Căn Homestay Đẹp Nhất Phố Cổ Cho Các Cặp Đôi', 'lh-homestay-review-can-homes', 'Bạn đang tìm kiếm một không gian lãng mạn và đẹp như tranh để cùng người yêu thân thiết? Cùng chúng tôi tìm hiểu liệu LH Homestay - chuỗi homestay lớn nhất phố cổ Hà Nội có đáng trải nghiệm?', '<h2 style=\"text-align:justify;\"><span style=\"color:hsl(0,0%,0%);font-family:Arial, Helvetica, sans-serif;\"><strong>Giới thiệu chung về chuỗi LH Homestay</strong></span></h2><p style=\"text-align:justify;\"><span style=\"color:hsl(0,0%,0%);font-family:Arial, Helvetica, sans-serif;\">LH Homestay không chỉ mang đến sự thoải mái cho khách hàng với linh hoạt thời gian check-in và check-out, mà còn cung cấp các dịch vụ thuê giờ, thuê ngày, thuê tuần, và thậm chí là thuê tháng.</span></p><p style=\"margin-left:0px;text-align:justify;\"><span style=\"color:hsl(0,0%,0%);font-family:Arial, Helvetica, sans-serif;\">Điều này giúp tối ưu hóa trải nghiệm của bạn, phù hợp với mọi kế hoạch du lịch.</span></p><p style=\"margin-left:0px;text-align:justify;\"><span style=\"color:hsl(0,0%,0%);font-family:Arial, Helvetica, sans-serif;\">Chuỗi homestay này nổi bật với phong cách thiết kế Rustic độc đáo, kết hợp hài hòa giữa thiên nhiên cây cỏ, gỗ, và đá nghệ thuật.</span></p><p style=\"margin-left:0px;text-align:justify;\"><span style=\"color:hsl(0,0%,0%);font-family:Arial, Helvetica, sans-serif;\">Mỗi căn phòng không chỉ tạo cảm giác ấm cúng và thân thiện, mà còn mang lại không khí chill tận cùng.</span></p><p style=\"text-align:justify;\"><a href=\"https://homestay.review/lh-homestay-review-can-homestay-dep-nhat-pho-co-cho-cac-cap-doi.html/1d87e071cd1c1a42430d-144310\"><span style=\"color:hsl(0,0%,0%);font-family:Arial, Helvetica, sans-serif;\"><img style=\"height:auto;\" src=\"https://homestay.review/wp-content/uploads/2023/11/1d87e071cd1c1a42430d-144310.jpg\" alt=\"Homestay Hàng Bông - nơi lý tưởng để tạo ra hàng ngàn bức ảnh đẹp như trong một studio chuyên nghiệp.\" srcset=\"https://homestay.review/wp-content/uploads/2023/11/1d87e071cd1c1a42430d-144310.jpg 1920w, https://homestay.review/wp-content/uploads/2023/11/1d87e071cd1c1a42430d-144310-300x169.jpg 300w, https://homestay.review/wp-content/uploads/2023/11/1d87e071cd1c1a42430d-144310-1024x576.jpg 1024w, https://homestay.review/wp-content/uploads/2023/11/1d87e071cd1c1a42430d-144310-768x432.jpg 768w, https://homestay.review/wp-content/uploads/2023/11/1d87e071cd1c1a42430d-144310-1536x864.jpg 1536w\" sizes=\"100vw\" width=\"1920\" height=\"1080\"></span></a></p><p style=\"text-align:justify;\"><span style=\"color:hsl(0,0%,0%);font-family:Arial, Helvetica, sans-serif;\"><i>Homestay Hàng Bông – nơi lý tưởng để tạo ra hàng ngàn bức ảnh đẹp như trong một studio chuyên nghiệp.</i></span></p><p style=\"margin-left:0px;text-align:justify;\"><a href=\"https://homestay.review/lh-homestay-review-can-homestay-dep-nhat-pho-co-cho-cac-cap-doi.html/lh-homestay-ngo-huyen\"><span style=\"color:hsl(0,0%,0%);font-family:Arial, Helvetica, sans-serif;\"><img style=\"height:auto;\" src=\"https://homestay.review/wp-content/uploads/2023/11/LH-Homestay-Ngo-Huyen.jpg\" alt=\"Các căn hộ tại Ngõ Huyện đều mang đậm phong cách Indochine với nội thất chất liệu gỗ cao cấp, thiết kế tương tự nhau.\" srcset=\"https://homestay.review/wp-content/uploads/2023/11/LH-Homestay-Ngo-Huyen.jpg 1280w, https://homestay.review/wp-content/uploads/2023/11/LH-Homestay-Ngo-Huyen-300x169.jpg 300w, https://homestay.review/wp-content/uploads/2023/11/LH-Homestay-Ngo-Huyen-1024x576.jpg 1024w, https://homestay.review/wp-content/uploads/2023/11/LH-Homestay-Ngo-Huyen-768x432.jpg 768w\" sizes=\"100vw\" width=\"1280\" height=\"720\"></span></a></p><p style=\"text-align:justify;\"><a href=\"https://homestay.review/lh-homestay-review-can-homestay-dep-nhat-pho-co-cho-cac-cap-doi.html/img_20230507_153921-15402\"><span style=\"color:hsl(0,0%,0%);font-family:Arial, Helvetica, sans-serif;\"><img style=\"height:auto;\" src=\"https://homestay.review/wp-content/uploads/2023/11/img_20230507_153921-15402.jpg\" alt=\"Các căn hộ tại Ngõ Huyện đều mang đậm phong cách Indochine với nội thất chất liệu gỗ cao cấp, thiết kế tương tự nhau.\" srcset=\"https://homestay.review/wp-content/uploads/2023/11/img_20230507_153921-15402.jpg 1280w, https://homestay.review/wp-content/uploads/2023/11/img_20230507_153921-15402-300x169.jpg 300w, https://homestay.review/wp-content/uploads/2023/11/img_20230507_153921-15402-1024x576.jpg 1024w, https://homestay.review/wp-content/uploads/2023/11/img_20230507_153921-15402-768x432.jpg 768w\" sizes=\"100vw\" width=\"1280\" height=\"720\"></span></a></p><p style=\"text-align:justify;\"><span style=\"color:hsl(0,0%,0%);font-family:Arial, Helvetica, sans-serif;\"><i>Các căn hộ tại Ngõ Huyện đều mang đậm phong cách Indochine với nội thất chất liệu gỗ cao cấp, thiết kế tương tự nhau.</i></span></p><p style=\"margin-left:0px;text-align:justify;\"><span style=\"color:hsl(0,0%,0%);font-family:Arial, Helvetica, sans-serif;\">Với vị trí phân bổ trên hầu hết các con phố trong phố Cổ Hà Nội, bao gồm Hàng Bông, Hàng Vải, Hàng Vôi và Hàng Giảng, LH Homestay là điểm đến dễ dàng nhận diện. Chỉ cần một lần ghé thăm, bạn sẽ ngạc nhiên về sự thuận tiện khi check-in tại đây.</span></p><figure class=\"image\" style=\"height:auto;\"><a href=\"https://homestay.review/lh-homestay-review-can-homestay-dep-nhat-pho-co-cho-cac-cap-doi.html/img_20221110_155512-16011\"><img style=\"aspect-ratio:1280/852;\" src=\"https://homestay.review/wp-content/uploads/2023/11/img_20221110_155512-16011.jpg\" alt=\"\" srcset=\"https://homestay.review/wp-content/uploads/2023/11/img_20221110_155512-16011.jpg 1280w, https://homestay.review/wp-content/uploads/2023/11/img_20221110_155512-16011-300x200.jpg 300w, https://homestay.review/wp-content/uploads/2023/11/img_20221110_155512-16011-1024x682.jpg 1024w, https://homestay.review/wp-content/uploads/2023/11/img_20221110_155512-16011-768x511.jpg 768w\" sizes=\"100vw\" width=\"1280\" height=\"852\"></a></figure><figure class=\"image\" style=\"height:auto;\"><a href=\"https://homestay.review/lh-homestay-review-can-homestay-dep-nhat-pho-co-cho-cac-cap-doi.html/130192949_205004917802391_6585107937557363008_n-2\"><img style=\"aspect-ratio:1440/960;\" src=\"https://homestay.review/wp-content/uploads/2023/11/130192949_205004917802391_6585107937557363008_n-1.jpg\" alt=\"\" srcset=\"https://homestay.review/wp-content/uploads/2023/11/130192949_205004917802391_6585107937557363008_n-1.jpg 1440w, https://homestay.review/wp-content/uploads/2023/11/130192949_205004917802391_6585107937557363008_n-1-300x200.jpg 300w, https://homestay.review/wp-content/uploads/2023/11/130192949_205004917802391_6585107937557363008_n-1-1024x683.jpg 1024w, https://homestay.review/wp-content/uploads/2023/11/130192949_205004917802391_6585107937557363008_n-1-768x512.jpg 768w\" sizes=\"100vw\" width=\"1440\" height=\"960\"></a></figure><h2 style=\"text-align:justify;\"><span style=\"color:hsl(0,0%,0%);font-family:Arial, Helvetica, sans-serif;\"><strong>Các dịch vụ, tiện ích tại LH Homestay</strong></span></h2><h2 style=\"margin-left:40px;text-align:justify;\"><span class=\"text-small\" style=\"color:hsl(0,0%,0%);font-family:Arial, Helvetica, sans-serif;\"><strong>Xem phim miễn phí</strong></span></h2><p style=\"margin-left:40px;text-align:justify;\"><span style=\"color:hsl(0,0%,0%);font-family:Arial, Helvetica, sans-serif;\">Và đây không phải là tất cả! Tất cả các căn hộ tại LH Homestay đều được trang bị dịch vụ Netflix, mang đến cho bạn trải nghiệm như ở rạp chiếu phim tại nhà. Bạn có thể thư giãn và thưởng thức những bộ phim yêu thích cùng người yêu, tạo nên những kỷ niệm đáng nhớ.</span></p><p style=\"margin-left:40px;text-align:justify;\"><a href=\"https://homestay.review/lh-homestay-review-can-homestay-dep-nhat-pho-co-cho-cac-cap-doi.html/130192949_205004917802391_6585107937557363008_n\"><span style=\"color:hsl(0,0%,0%);font-family:Arial, Helvetica, sans-serif;\"><img style=\"height:auto;\" src=\"https://homestay.review/wp-content/uploads/2023/11/130192949_205004917802391_6585107937557363008_n.jpg\" alt=\"Các chuỗi homestay đều miễn phí Netflix\" srcset=\"https://homestay.review/wp-content/uploads/2023/11/130192949_205004917802391_6585107937557363008_n.jpg 1440w, https://homestay.review/wp-content/uploads/2023/11/130192949_205004917802391_6585107937557363008_n-300x200.jpg 300w, https://homestay.review/wp-content/uploads/2023/11/130192949_205004917802391_6585107937557363008_n-1024x683.jpg 1024w, https://homestay.review/wp-content/uploads/2023/11/130192949_205004917802391_6585107937557363008_n-768x512.jpg 768w\" sizes=\"100vw\" width=\"1440\" height=\"960\"></span></a></p><p style=\"margin-left:40px;text-align:justify;\"><span style=\"color:hsl(0,0%,0%);font-family:Arial, Helvetica, sans-serif;\"><i>Các chuỗi homestay đều miễn phí Netflix</i></span></p><h2 style=\"margin-left:40px;text-align:justify;\"><span class=\"text-small\" style=\"color:hsl(0,0%,0%);font-family:Arial, Helvetica, sans-serif;\"><strong>Tổ chức tiệc nướng BBQ ngoài trời</strong></span></h2><p style=\"margin-left:40px;text-align:justify;\"><span style=\"color:hsl(0,0%,0%);font-family:Arial, Helvetica, sans-serif;\">LH Homestay Hà Nội có sân thượng rộng 500m², ideal cho tiệc nướng BBQ. Cung cấp combo phục vụ đầy đủ từ chuẩn bị đồ ăn, bếp đến bố trí và dọn dẹp, giá từ 300.000đ – 550.000đ.</span></p><p style=\"margin-left:40px;text-align:justify;\"><span style=\"color:hsl(0,0%,0%);font-family:Arial, Helvetica, sans-serif;\"><img src=\"https://homestay.review/wp-content/uploads/2023/11/nuong-bbq.jpg\" width=\"800\" height=\"394\"></span></p><p style=\"margin-left:40px;text-align:justify;\"><span style=\"color:hsl(0,0%,0%);font-family:Arial, Helvetica, sans-serif;\">Các hạng phòng có giá giao động từ 700.000 VNĐ – 1.300.000 VNĐ, bạn có thể tham khảo </span><a href=\"https://thehappystay.vn/vi/hosts/3654/\"><span style=\"color:hsl(0,0%,0%);font-family:Arial, Helvetica, sans-serif;\">tại đây</span></a></p><p style=\"margin-left:40px;text-align:justify;\"><span style=\"color:hsl(0,0%,0%);font-family:Arial, Helvetica, sans-serif;\">Hãy để LH Homestay là điểm đến lý tưởng cho các cặp đôi, nơi hòa mình vào không gian đẹp như mơ, tận hưởng khoảnh khắc đáng nhớ của tình yêu.</span></p>', 'LH homestay,homestay Hà Nội,homestay Hoàn Kiếm,bbq', 1, 6, 1, '2024-01-04 15:19:44', '2024-01-04 15:46:03', 18),
(3, 'Top 5 Homestay Sóc Sơn Lãng Mạn Dành Cho Cặp Đôi', 'top-5-homestay-soc-son-lang-ma', 'Mùa thu mát mẻ, lãng mạn là khoảng thời gian đẹp nhất để các cặp đôi bắt đầu chuyến đi đáng nhớ.  Hãy cùng điểm qua những homestay lãng mạn nhất Sóc Sơn cho các cặp đôi hâm nóng tình cảm nhé.', '<h2 style=\"text-align:justify;\"><span style=\"color:hsl(0, 0%, 0%);font-family:Arial, Helvetica, sans-serif;\"><strong>1. Bungalow Solaria Garden</strong></span></h2><p style=\"text-align:justify;\"><span style=\"color:hsl(0, 0%, 0%);font-family:Arial, Helvetica, sans-serif;\"><img style=\"height:auto;\" src=\"https://homestay.review/wp-content/uploads/2023/08/homestay-soc-son-solaria-1.jpg\" alt=\"\" srcset=\"https://homestay.review/wp-content/uploads/2023/08/homestay-soc-son-solaria-1.jpg 900w, https://homestay.review/wp-content/uploads/2023/08/homestay-soc-son-solaria-1-300x300.jpg 300w, https://homestay.review/wp-content/uploads/2023/08/homestay-soc-son-solaria-1-150x150.jpg 150w, https://homestay.review/wp-content/uploads/2023/08/homestay-soc-son-solaria-1-768x768.jpg 768w\" sizes=\"100vw\" width=\"900\" height=\"900\"></span></p><p style=\"margin-left:0px;text-align:justify;\"><span style=\"color:hsl(0, 0%, 0%);font-family:Arial, Helvetica, sans-serif;\">Nằm ở vị trí cao nhất trong khuôn viên lưu trú của Solaria Garden Sóc Sơn, Bungalow là ngôi nhà nhỏ xinh xắn giữa rừng thông với tầm view rộng lớn bao trọn núi rừng.</span></p><p style=\"text-align:justify;\"><span style=\"color:hsl(0, 0%, 0%);font-family:Arial, Helvetica, sans-serif;\"><img style=\"height:auto;\" src=\"https://homestay.review/wp-content/uploads/2023/08/homestay-soc-son-solaria.jpg\" alt=\"\" srcset=\"https://homestay.review/wp-content/uploads/2023/08/homestay-soc-son-solaria.jpg 900w, https://homestay.review/wp-content/uploads/2023/08/homestay-soc-son-solaria-300x300.jpg 300w, https://homestay.review/wp-content/uploads/2023/08/homestay-soc-son-solaria-150x150.jpg 150w, https://homestay.review/wp-content/uploads/2023/08/homestay-soc-son-solaria-768x768.jpg 768w\" sizes=\"100vw\" width=\"900\" height=\"900\"></span></p><p style=\"margin-left:0px;text-align:justify;\"><span style=\"color:hsl(0, 0%, 0%);font-family:Arial, Helvetica, sans-serif;\">Bungalow được thiết kế hình tròn với cửa kính cong Panaroma giúp không gian phòng được mở rộng và hòa quyện vào thiên nhiên. Bình minh tại Bungalow sẽ cho bạn cảm giác thức giấc ở một nơi xa như thể bạn đã bay hàng nghìn cây số để đến với Đà Lạt – Xứ sở mộng mơ.</span></p><p style=\"margin-left:0px;text-align:justify;\"><span style=\"color:hsl(0, 0%, 0%);font-family:Arial, Helvetica, sans-serif;\">Mỗi Bungalow có diện tích 16 m2 là không gian nghỉ dưỡng tuyệt vời dành cho các cặp đôi đang muốn tìm không gian riêng tư và lãng mạn cho kỳ nghỉ cuối tuần hay dịp lễ kỷ niệm.</span></p><p style=\"text-align:justify;\"><span style=\"color:hsl(0, 0%, 0%);font-family:Arial, Helvetica, sans-serif;\"><img style=\"height:auto;\" src=\"https://homestay.review/wp-content/uploads/2023/08/check-in-khuon-vien.jpg\" alt=\"\" srcset=\"https://homestay.review/wp-content/uploads/2023/08/check-in-khuon-vien.jpg 1080w, https://homestay.review/wp-content/uploads/2023/08/check-in-khuon-vien-225x300.jpg 225w, https://homestay.review/wp-content/uploads/2023/08/check-in-khuon-vien-768x1024.jpg 768w\" sizes=\"100vw\" width=\"1080\" height=\"1440\"></span></p><p style=\"margin-left:0px;text-align:justify;\"><span style=\"color:hsl(0,0%,0%);font-family:Arial, Helvetica, sans-serif;\"><strong>Tiện ích miễn phí:</strong></span></p><ul style=\"list-style-type:disc;\"><li style=\"text-align:justify;\"><span style=\"color:hsl(0, 0%, 0%);font-family:Arial, Helvetica, sans-serif;\">FREE Xe điện đưa đón nội khu</span></li><li style=\"text-align:justify;\"><span style=\"color:hsl(0, 0%, 0%);font-family:Arial, Helvetica, sans-serif;\">FREE Bể bơi rộng 100 m2 và không gian bàn ghế thưởng thức BBQ</span></li><li style=\"text-align:justify;\"><span style=\"color:hsl(0, 0%, 0%);font-family:Arial, Helvetica, sans-serif;\">FREE Không gian cắm trại cực Chill trên đồi TỔ CHIM.</span></li><li style=\"text-align:justify;\"><span style=\"color:hsl(0, 0%, 0%);font-family:Arial, Helvetica, sans-serif;\">FREE sử dụng bi A , bi lắc , bóng rổ, cầu lông.</span></li><li style=\"text-align:justify;\"><span style=\"color:hsl(0, 0%, 0%);font-family:Arial, Helvetica, sans-serif;\">FREE câu cá và cả cá nếu câu được.</span></li><li style=\"text-align:justify;\"><span style=\"color:hsl(0, 0%, 0%);font-family:Arial, Helvetica, sans-serif;\">FREE tắm suối và hồ tắm thiên nhiên trên núi (phải leo núi 400 m từ khu Bungalow).</span></li></ul><p style=\"margin-left:0px;text-align:justify;\"><span style=\"color:hsl(0, 0%, 0%);font-family:Arial, Helvetica, sans-serif;\">Địa chỉ : Đội 1 thôn Minh Tân, xã Minh Trí, huyện Sóc Sơn, Thành phố Hà Nội.</span></p><p style=\"margin-left:0px;text-align:justify;\"><span style=\"color:hsl(0, 0%, 0%);font-family:Arial, Helvetica, sans-serif;\">Xem chi tiết: </span><a href=\"https://homestay.review/review-bungalow-tai-solaria-garden-soc-son.html\"><span style=\"color:hsl( 26, 91%, 59% );font-family:Arial, Helvetica, sans-serif;\">https://homestay.review/review-bungalow-tai-solaria-garden-soc-son.html</span></a></p><p style=\"margin-left:0px;text-align:justify;\"><span style=\"color:hsl(0, 0%, 0%);font-family:Arial, Helvetica, sans-serif;\">Link tư vấn đặt phòng: </span><a href=\"https://www.facebook.com/homestayvillasocson\"><span style=\"color:hsl( 26, 91%, 59% );font-family:Arial, Helvetica, sans-serif;\">Fanpage Homestay Villa Sóc Sơn</span></a></p><p style=\"margin-left:0px;text-align:justify;\"><span style=\"color:hsl(0, 0%, 0%);font-family:Arial, Helvetica, sans-serif;\">Giá từ 5XX/người/đêm</span></p><h2 style=\"text-align:justify;\"><span style=\"color:hsl(0, 0%, 0%);font-family:Arial, Helvetica, sans-serif;\"><strong>2. Santori Villa Sóc Sơn</strong></span></h2><p style=\"text-align:justify;\"><span style=\"color:hsl(0, 0%, 0%);font-family:Arial, Helvetica, sans-serif;\"><img style=\"height:auto;\" src=\"https://homestay.review/wp-content/uploads/2023/08/homestay-soc-son-santori.jpg\" alt=\"\" srcset=\"https://homestay.review/wp-content/uploads/2023/08/homestay-soc-son-santori.jpg 2048w, https://homestay.review/wp-content/uploads/2023/08/homestay-soc-son-santori-300x200.jpg 300w, https://homestay.review/wp-content/uploads/2023/08/homestay-soc-son-santori-1024x683.jpg 1024w, https://homestay.review/wp-content/uploads/2023/08/homestay-soc-son-santori-768x512.jpg 768w, https://homestay.review/wp-content/uploads/2023/08/homestay-soc-son-santori-1536x1025.jpg 1536w\" sizes=\"100vw\" width=\"2048\" height=\"1366\"></span></p><p style=\"margin-left:0px;text-align:justify;\"><span style=\"color:hsl(0, 0%, 0%);font-family:Arial, Helvetica, sans-serif;\">Villa được bao phủ bởi không gian trong lành xanh mát, cách trung tâm thành phố Hà Nội chỉ 45 phút di chuyển</span></p><p style=\"text-align:justify;\"><span style=\"color:hsl(0, 0%, 0%);font-family:Arial, Helvetica, sans-serif;\"><img style=\"height:auto;\" src=\"https://homestay.review/wp-content/uploads/2023/08/homestay-soc-son-santori-phong-ngu.jpg\" alt=\"\" srcset=\"https://homestay.review/wp-content/uploads/2023/08/homestay-soc-son-santori-phong-ngu.jpg 1200w, https://homestay.review/wp-content/uploads/2023/08/homestay-soc-son-santori-phong-ngu-300x300.jpg 300w, https://homestay.review/wp-content/uploads/2023/08/homestay-soc-son-santori-phong-ngu-1024x1024.jpg 1024w, https://homestay.review/wp-content/uploads/2023/08/homestay-soc-son-santori-phong-ngu-150x150.jpg 150w, https://homestay.review/wp-content/uploads/2023/08/homestay-soc-son-santori-phong-ngu-768x768.jpg 768w\" sizes=\"100vw\" width=\"1200\" height=\"1200\"></span></p><p style=\"margin-left:0px;text-align:justify;\"><span style=\"color:hsl(0, 0%, 0%);font-family:Arial, Helvetica, sans-serif;\">Phòng khách có ghế sofa sang trọng thiết kế theo phong cách mới Châu Âu, trang thiết bị hiện đại</span></p><p style=\"text-align:justify;\"><span style=\"color:hsl(0, 0%, 0%);font-family:Arial, Helvetica, sans-serif;\"><img style=\"height:auto;\" src=\"https://homestay.review/wp-content/uploads/2023/08/santori-phong-ngu.jpg\" alt=\"\" srcset=\"https://homestay.review/wp-content/uploads/2023/08/santori-phong-ngu.jpg 2048w, https://homestay.review/wp-content/uploads/2023/08/santori-phong-ngu-300x205.jpg 300w, https://homestay.review/wp-content/uploads/2023/08/santori-phong-ngu-1024x699.jpg 1024w, https://homestay.review/wp-content/uploads/2023/08/santori-phong-ngu-768x524.jpg 768w, https://homestay.review/wp-content/uploads/2023/08/santori-phong-ngu-1536x1048.jpg 1536w\" sizes=\"100vw\" width=\"2048\" height=\"1397\"></span></p><p style=\"margin-left:0px;text-align:justify;\"><span style=\"color:hsl(0,0%,0%);font-family:Arial, Helvetica, sans-serif;\"><strong>Tiện ích miễn phí:</strong></span></p><ul><li style=\"text-align:justify;\"><span style=\"color:hsl(0, 0%, 0%);font-family:Arial, Helvetica, sans-serif;\">Bàn Bi-a riêng biệt (sử dụng free).</span></li><li style=\"text-align:justify;\"><span style=\"color:hsl(0, 0%, 0%);font-family:Arial, Helvetica, sans-serif;\">Bếp đủ đồ dùng.</span></li><li style=\"text-align:justify;\"><span style=\"color:hsl(0, 0%, 0%);font-family:Arial, Helvetica, sans-serif;\">Bếp BBQ tổ chức tiệc ngoài trời.</span></li></ul><p style=\"margin-left:0px;text-align:justify;\"><span style=\"color:hsl(0, 0%, 0%);font-family:Arial, Helvetica, sans-serif;\">Địa chỉ: Hiền Ninh, Sóc Sơn, Hà Nội.</span></p><p style=\"margin-left:0px;text-align:justify;\"><span style=\"color:hsl(0, 0%, 0%);font-family:Arial, Helvetica, sans-serif;\">Xem chi tiết: </span><a href=\"https://thehappystay.vn/rooms/43442\"><span style=\"color:hsl( 26, 91%, 59% );font-family:Arial, Helvetica, sans-serif;\">https://thehappystay.vn/rooms/43442</span></a></p><p style=\"margin-left:0px;text-align:justify;\"><span style=\"color:hsl(0, 0%, 0%);font-family:Arial, Helvetica, sans-serif;\">Link tư vấn đặt phòng: </span><a href=\"https://www.facebook.com/homestayvillasocson\"><span style=\"color:hsl( 26, 91%, 59% );font-family:Arial, Helvetica, sans-serif;\">Fanpage Homestay Villa Sóc Sơn</span></a></p><p style=\"margin-left:0px;text-align:justify;\"><span style=\"color:hsl(0, 0%, 0%);font-family:Arial, Helvetica, sans-serif;\">Giá từ 8XX/ người/đêm</span></p><h2 style=\"text-align:justify;\"><span style=\"color:hsl(0, 0%, 0%);font-family:Arial, Helvetica, sans-serif;\"><strong>3. O’chen Villa</strong>&nbsp;</span></h2><p style=\"text-align:justify;\"><span style=\"color:hsl(0, 0%, 0%);font-family:Arial, Helvetica, sans-serif;\"><img style=\"height:auto;\" src=\"https://homestay.review/wp-content/uploads/2023/08/homestay-soc-son-ochen.jpg\" alt=\"\" srcset=\"https://homestay.review/wp-content/uploads/2023/08/homestay-soc-son-ochen.jpg 2047w, https://homestay.review/wp-content/uploads/2023/08/homestay-soc-son-ochen-300x200.jpg 300w, https://homestay.review/wp-content/uploads/2023/08/homestay-soc-son-ochen-1024x683.jpg 1024w, https://homestay.review/wp-content/uploads/2023/08/homestay-soc-son-ochen-768x513.jpg 768w, https://homestay.review/wp-content/uploads/2023/08/homestay-soc-son-ochen-1536x1025.jpg 1536w\" sizes=\"100vw\" width=\"2047\" height=\"1366\"></span></p><p style=\"margin-left:0px;text-align:justify;\"><span style=\"color:hsl(0, 0%, 0%);font-family:Arial, Helvetica, sans-serif;\">O’chen Villa nằm ngay trên con đường thơ mộng của Đồng Đò với vẻ đẹp của mặt hồ đan xen thơ mộng của núi rừng. Là khu phức hợp homestay – coffe, ngắm cảnh quan và thiên nhiên đẹp nhất nhì Sóc Sơn.</span></p><p style=\"text-align:justify;\"><span style=\"color:hsl(0, 0%, 0%);font-family:Arial, Helvetica, sans-serif;\"><img style=\"height:auto;\" src=\"https://homestay.review/wp-content/uploads/2023/08/chekin-orchen.jpg\" alt=\"\" srcset=\"https://homestay.review/wp-content/uploads/2023/08/chekin-orchen.jpg 939w, https://homestay.review/wp-content/uploads/2023/08/chekin-orchen-219x300.jpg 219w, https://homestay.review/wp-content/uploads/2023/08/chekin-orchen-748x1024.jpg 748w, https://homestay.review/wp-content/uploads/2023/08/chekin-orchen-768x1052.jpg 768w\" sizes=\"100vw\" width=\"939\" height=\"1286\"></span></p><p style=\"margin-left:0px;text-align:justify;\"><span style=\"color:hsl(0, 0%, 0%);font-family:Arial, Helvetica, sans-serif;\">Khung cảnh trong lành, thơ mộng cùng những góc check in đẹp siêu lòng như Đà Lạt thu nhỏ ngay tại Hà Nội. Thiết kế kính trong veo view bể bơi và chill cùng thiên nhiên tuyệt đẹp.</span></p><p style=\"text-align:justify;\"><span style=\"color:hsl(0, 0%, 0%);font-family:Arial, Helvetica, sans-serif;\"><img style=\"height:auto;\" src=\"https://homestay.review/wp-content/uploads/2023/08/homestay-soc-son-ochen-phong-ngu.jpg\" alt=\"\" srcset=\"https://homestay.review/wp-content/uploads/2023/08/homestay-soc-son-ochen-phong-ngu.jpg 2048w, https://homestay.review/wp-content/uploads/2023/08/homestay-soc-son-ochen-phong-ngu-300x200.jpg 300w, https://homestay.review/wp-content/uploads/2023/08/homestay-soc-son-ochen-phong-ngu-1024x683.jpg 1024w, https://homestay.review/wp-content/uploads/2023/08/homestay-soc-son-ochen-phong-ngu-768x512.jpg 768w, https://homestay.review/wp-content/uploads/2023/08/homestay-soc-son-ochen-phong-ngu-1536x1025.jpg 1536w\" sizes=\"100vw\" width=\"2048\" height=\"1366\"></span></p><p style=\"margin-left:0px;text-align:justify;\"><span style=\"color:hsl(0, 0%, 0%);font-family:Arial, Helvetica, sans-serif;\">Một chuyến nghỉ dưỡng cùng người thương tại đây là ý tưởng tuyệt vời cho những ai yêu thích sự lãng mạn, hòa quyện với thiên nhiên</span></p><p style=\"margin-left:0px;text-align:justify;\"><span style=\"color:hsl(0,0%,0%);font-family:Arial, Helvetica, sans-serif;\"><strong>Tiện ích miễn phí:</strong></span></p><ul><li style=\"text-align:justify;\"><span style=\"color:hsl(0, 0%, 0%);font-family:Arial, Helvetica, sans-serif;\">Khu bếp, khu ăn nướng BBQ, sân cỏ riêng.</span></li><li style=\"text-align:justify;\"><span style=\"color:hsl(0, 0%, 0%);font-family:Arial, Helvetica, sans-serif;\">&nbsp;Có bếp lẩu, bếp nướng, bát đũa đầy đủ,…</span></li><li style=\"text-align:justify;\"><span style=\"color:hsl(0, 0%, 0%);font-family:Arial, Helvetica, sans-serif;\">Khuôn viên sân vườn với đa dạng hoa hồng cổ, võng lưới check in,…</span></li><li style=\"text-align:justify;\"><span style=\"color:hsl(0, 0%, 0%);font-family:Arial, Helvetica, sans-serif;\">&nbsp;Bể bơi chung.&nbsp;</span></li><li style=\"text-align:justify;\"><span style=\"color:hsl(0, 0%, 0%);font-family:Arial, Helvetica, sans-serif;\">&nbsp;Bi-a, bi-lac.&nbsp;</span></li><li style=\"text-align:justify;\"><span style=\"color:hsl(0, 0%, 0%);font-family:Arial, Helvetica, sans-serif;\">&nbsp;Loa kéo hát karaoke.&nbsp;</span></li></ul><p style=\"margin-left:0px;text-align:justify;\"><span style=\"color:hsl(0, 0%, 0%);font-family:Arial, Helvetica, sans-serif;\">Địa chỉ: Hồ Đồng Đò, Sóc Sơn</span></p><p style=\"margin-left:0px;text-align:justify;\"><span style=\"color:hsl(0, 0%, 0%);font-family:Arial, Helvetica, sans-serif;\">Xem chi tiết: </span><a href=\"https://homestay.review/%20//thehappystay.vn/rooms/43498\"><span style=\"color:hsl( 26, 91%, 59% );font-family:Arial, Helvetica, sans-serif;\">https: //thehappystay.vn/rooms/43498</span></a></p><p style=\"margin-left:0px;text-align:justify;\"><span style=\"color:hsl(0, 0%, 0%);font-family:Arial, Helvetica, sans-serif;\">Link tư vấn đặt phòng: </span><a href=\"https://www.facebook.com/homestayvillasocson\"><span style=\"color:hsl( 26, 91%, 59% );font-family:Arial, Helvetica, sans-serif;\">Fanpage Homestay Villa Sóc Sơn</span></a></p><p style=\"margin-left:0px;text-align:justify;\"><span style=\"color:hsl(0, 0%, 0%);font-family:Arial, Helvetica, sans-serif;\">Giá từ 8XX/ người/đêm</span></p><h2 style=\"text-align:justify;\"><span style=\"color:hsl(0, 0%, 0%);font-family:Arial, Helvetica, sans-serif;\"><strong>4. Nhà Bên Rừng – Ulesa Sóc Sơn – Nhà Vảy Ốc</strong></span></h2><p style=\"text-align:justify;\"><span style=\"color:hsl(0, 0%, 0%);font-family:Arial, Helvetica, sans-serif;\"><img style=\"height:auto;\" src=\"https://homestay.review/wp-content/uploads/2023/08/homestay-soc-son-nha-vay-oc.jpg\" alt=\"\" srcset=\"https://homestay.review/wp-content/uploads/2023/08/homestay-soc-son-nha-vay-oc.jpg 2048w, https://homestay.review/wp-content/uploads/2023/08/homestay-soc-son-nha-vay-oc-300x200.jpg 300w, https://homestay.review/wp-content/uploads/2023/08/homestay-soc-son-nha-vay-oc-1024x684.jpg 1024w, https://homestay.review/wp-content/uploads/2023/08/homestay-soc-son-nha-vay-oc-768x513.jpg 768w, https://homestay.review/wp-content/uploads/2023/08/homestay-soc-son-nha-vay-oc-1536x1025.jpg 1536w\" sizes=\"100vw\" width=\"2048\" height=\"1367\"></span></p><p style=\"margin-left:0px;text-align:justify;\"><span style=\"color:hsl(0, 0%, 0%);font-family:Arial, Helvetica, sans-serif;\">Nhà vườn “ốc tiêu” xinh xắn&nbsp; mang đến cho các vị khách một khung cảnh bình yên lãng mạn không kém phần cổ tích khi ghé tới lưu trú và nghỉ dưỡng.</span></p><p style=\"margin-left:0px;text-align:justify;\"><span style=\"color:hsl(0, 0%, 0%);font-family:Arial, Helvetica, sans-serif;\"><img style=\"height:auto;\" src=\"https://homestay.review/wp-content/uploads/2023/08/phong-ngu-nha-vay-oc.jpg\" alt=\"\" srcset=\"https://homestay.review/wp-content/uploads/2023/08/phong-ngu-nha-vay-oc.jpg 2048w, https://homestay.review/wp-content/uploads/2023/08/phong-ngu-nha-vay-oc-300x200.jpg 300w, https://homestay.review/wp-content/uploads/2023/08/phong-ngu-nha-vay-oc-1024x684.jpg 1024w, https://homestay.review/wp-content/uploads/2023/08/phong-ngu-nha-vay-oc-768x513.jpg 768w, https://homestay.review/wp-content/uploads/2023/08/phong-ngu-nha-vay-oc-1536x1025.jpg 1536w\" sizes=\"100vw\" width=\"2048\" height=\"1367\"></span></p><p style=\"margin-left:0px;text-align:justify;\"><span style=\"color:hsl(0, 0%, 0%);font-family:Arial, Helvetica, sans-serif;\">Phòng Vảy Ốc có diện tích rộng rãi và ngập tràn ánh nắng. Thiết kế&nbsp; 2 mặt kính chắn gió lớn trong suốt giúp tận dụng tối đa ánh sáng tự nhiên và dành tặng bạn cả một khung cảnh thiên nhiên tuyệt vời mỗi sớm thức giấc.</span></p><p style=\"margin-left:0px;text-align:justify;\"><span style=\"color:hsl(0, 0%, 0%);font-family:Arial, Helvetica, sans-serif;\"><img style=\"height:auto;\" src=\"https://homestay.review/wp-content/uploads/2023/08/nha-vay-oc-ben-ngoai.jpg\" alt=\"\" srcset=\"https://homestay.review/wp-content/uploads/2023/08/nha-vay-oc-ben-ngoai.jpg 1367w, https://homestay.review/wp-content/uploads/2023/08/nha-vay-oc-ben-ngoai-200x300.jpg 200w, https://homestay.review/wp-content/uploads/2023/08/nha-vay-oc-ben-ngoai-684x1024.jpg 684w, https://homestay.review/wp-content/uploads/2023/08/nha-vay-oc-ben-ngoai-768x1151.jpg 768w, https://homestay.review/wp-content/uploads/2023/08/nha-vay-oc-ben-ngoai-1025x1536.jpg 1025w\" sizes=\"100vw\" width=\"1367\" height=\"2048\"></span></p><p style=\"margin-left:0px;text-align:justify;\"><span style=\"color:hsl(0, 0%, 0%);font-family:Arial, Helvetica, sans-serif;\">Ngay trước hiên nhà là sân vườn nhỏ xinh xắn với ghế gỗ tựa, bạn có thể ngồi đây nghe nhạc, đọc sách và tận hưởng khung cảnh Nhà Bên Rừng qua từng mùa, cảm nhận trọn vẹn sức sống tươi tắn, hoà ái và lãng mạn của cỏ cây.</span></p><p style=\"margin-left:0px;text-align:justify;\"><span style=\"color:hsl(0,0%,0%);font-family:Arial, Helvetica, sans-serif;\"><strong>Tiện ích miễn phí:</strong></span></p><p style=\"margin-left:0px;text-align:justify;\"><span style=\"color:hsl(0, 0%, 0%);font-family:Arial, Helvetica, sans-serif;\">Địa chỉ: Xã Minh Phú, Sóc Sơn</span></p><p style=\"margin-left:0px;text-align:justify;\"><span style=\"color:hsl(0, 0%, 0%);font-family:Arial, Helvetica, sans-serif;\">Xem chi tiết: </span><a href=\"https://thehappystay.vn/rooms/41394\"><span style=\"color:hsl( 26, 91%, 59% );font-family:Arial, Helvetica, sans-serif;\">https://thehappystay.vn/rooms/41394</span></a></p><p style=\"margin-left:0px;text-align:justify;\"><span style=\"color:hsl(0, 0%, 0%);font-family:Arial, Helvetica, sans-serif;\">Link tư vấn đặt phòng: </span><a href=\"https://www.facebook.com/homestayvillasocson\"><span style=\"color:hsl( 26, 91%, 59% );font-family:Arial, Helvetica, sans-serif;\">Fanpage Homestay Villa Sóc Sơn</span></a></p><p style=\"margin-left:0px;text-align:justify;\"><span style=\"color:hsl(0, 0%, 0%);font-family:Arial, Helvetica, sans-serif;\">Giá từ 7XX/người/đêm</span></p><p style=\"margin-left:0px;text-align:justify;\"><span style=\"color:hsl(0, 0%, 0%);font-family:Arial, Helvetica, sans-serif;\"><strong>Miễn phí bữa sáng</strong></span></p><h2 style=\"text-align:justify;\"><span style=\"color:hsl(0, 0%, 0%);font-family:Arial, Helvetica, sans-serif;\"><strong>5. EA Villa Sóc Sơn – Bungalow</strong></span></h2><p style=\"margin-left:0px;text-align:justify;\"><span style=\"color:hsl(0, 0%, 0%);font-family:Arial, Helvetica, sans-serif;\"><img style=\"height:auto;\" src=\"https://homestay.review/wp-content/uploads/2023/08/EA-villa-soc-son.jpg\" alt=\"\" srcset=\"https://homestay.review/wp-content/uploads/2023/08/EA-villa-soc-son.jpg 960w, https://homestay.review/wp-content/uploads/2023/08/EA-villa-soc-son-225x300.jpg 225w, https://homestay.review/wp-content/uploads/2023/08/EA-villa-soc-son-768x1024.jpg 768w\" sizes=\"100vw\" width=\"960\" height=\"1280\"></span></p><p style=\"margin-left:0px;text-align:justify;\"><span style=\"color:hsl(0, 0%, 0%);font-family:Arial, Helvetica, sans-serif;\">Rời khỏi những ồn ào và xô bồ, về với Llum, bạn sẽ được hòa mình trong không gian xanh mướt của núi rừng, hít hà hương thơm tươi mát của cỏ cây khi vào hạ.</span></p><p style=\"margin-left:0px;text-align:justify;\"><span style=\"color:hsl(0, 0%, 0%);font-family:Arial, Helvetica, sans-serif;\"><img style=\"height:auto;\" src=\"https://homestay.review/wp-content/uploads/2023/08/EA-villa-soc-son-khuon-vien.jpg\" alt=\"\" srcset=\"https://homestay.review/wp-content/uploads/2023/08/EA-villa-soc-son-khuon-vien.jpg 1280w, https://homestay.review/wp-content/uploads/2023/08/EA-villa-soc-son-khuon-vien-300x225.jpg 300w, https://homestay.review/wp-content/uploads/2023/08/EA-villa-soc-son-khuon-vien-1024x767.jpg 1024w, https://homestay.review/wp-content/uploads/2023/08/EA-villa-soc-son-khuon-vien-768x575.jpg 768w, https://homestay.review/wp-content/uploads/2023/08/EA-villa-soc-son-khuon-vien-86x64.jpg 86w\" sizes=\"100vw\" width=\"1280\" height=\"959\"></span></p><p style=\"margin-left:0px;text-align:justify;\"><span style=\"color:hsl(0, 0%, 0%);font-family:Arial, Helvetica, sans-serif;\">Tại đây chúng mình có những căn nhà gỗ nằm trải dài bên sườn đồi cùng nhà hàng, quán cocktail bar &amp; cafe, thoáng đãng và riêng tư… là lựa chọn lý tưởng cho các cặp đôi và gia đình có một kỳ nghỉ gắn kết đầy thú vị.</span></p><p style=\"margin-left:0px;text-align:justify;\"><span style=\"color:hsl(0, 0%, 0%);font-family:Arial, Helvetica, sans-serif;\"><img style=\"height:auto;\" src=\"https://homestay.review/wp-content/uploads/2023/08/EA-villa-soc-son-noi-that.jpg\" alt=\"\" srcset=\"https://homestay.review/wp-content/uploads/2023/08/EA-villa-soc-son-noi-that.jpg 1280w, https://homestay.review/wp-content/uploads/2023/08/EA-villa-soc-son-noi-that-300x225.jpg 300w, https://homestay.review/wp-content/uploads/2023/08/EA-villa-soc-son-noi-that-1024x768.jpg 1024w, https://homestay.review/wp-content/uploads/2023/08/EA-villa-soc-son-noi-that-768x576.jpg 768w, https://homestay.review/wp-content/uploads/2023/08/EA-villa-soc-son-noi-that-86x64.jpg 86w\" sizes=\"100vw\" width=\"1280\" height=\"960\"></span></p><p style=\"margin-left:0px;text-align:justify;\"><span style=\"color:hsl(0, 0%, 0%);font-family:Arial, Helvetica, sans-serif;\">Nội thất gỗ ấm cúng, đầy đủ tiện nghi&nbsp;như: bình siêu tốc, bếp từ, bếp nướng điện, bát đũa – bàn ghế ngồi ngoài trời.</span></p><p style=\"margin-left:0px;text-align:justify;\"><span style=\"color:hsl(0, 0%, 0%);font-family:Arial, Helvetica, sans-serif;\"><strong>Tiện ích miễn phí:</strong></span></p><ul><li style=\"margin-left:0px;text-align:justify;\"><span style=\"color:hsl(0, 0%, 0%);font-family:Arial, Helvetica, sans-serif;\">Bể bơi</span></li><li style=\"margin-left:0px;text-align:justify;\"><span style=\"color:hsl(0, 0%, 0%);font-family:Arial, Helvetica, sans-serif;\">Free bếp nướng BBQ</span></li><li style=\"margin-left:0px;text-align:justify;\"><span style=\"color:hsl(0, 0%, 0%);font-family:Arial, Helvetica, sans-serif;\">Villa có đầy đủ bếp tiện dụng với bếp từ an toàn, trang bị đầy đủ dụng cụ nấu nướng, &amp; bếp lẩu</span></li><li style=\"margin-left:0px;text-align:justify;\"><span style=\"color:hsl(0, 0%, 0%);font-family:Arial, Helvetica, sans-serif;\">Tủ lạnh, máy lọc nước &nbsp;nóng lạnh</span></li><li style=\"margin-left:0px;text-align:justify;\"><span style=\"color:hsl(0, 0%, 0%);font-family:Arial, Helvetica, sans-serif;\">Bàn gỗ phục vụ ăn ngoài trời</span></li></ul><p style=\"margin-left:0px;text-align:justify;\"><span style=\"color:hsl(0, 0%, 0%);font-family:Arial, Helvetica, sans-serif;\">Địa chỉ: Xã Minh Phú, Sóc Sơn</span></p><p style=\"margin-left:0px;text-align:justify;\"><span style=\"color:hsl(0, 0%, 0%);font-family:Arial, Helvetica, sans-serif;\">Xem chi tiết: </span><a href=\"https://thehappystay.vn/rooms/44326\"><span style=\"color:hsl( 26, 91%, 59% );font-family:Arial, Helvetica, sans-serif;\">https://thehappystay.vn/rooms/44326</span></a></p><p style=\"margin-left:0px;text-align:justify;\"><span style=\"color:hsl(0, 0%, 0%);font-family:Arial, Helvetica, sans-serif;\">Link tư vấn đặt phòng: </span><a href=\"https://www.facebook.com/homestayvillasocson\"><span style=\"color:hsl( 26, 91%, 59% );font-family:Arial, Helvetica, sans-serif;\">Fanpage Homestay Villa Sóc Sơn</span></a></p><p style=\"margin-left:0px;text-align:justify;\"><span style=\"color:hsl(0, 0%, 0%);font-family:Arial, Helvetica, sans-serif;\">Giá từ 9XX/người/đêm</span></p>', 'homestay Sóc Sơn,bbq,free ăn sáng,bể bơi', 1, 7, 1, '2024-01-04 15:19:44', '2024-01-04 15:19:44', 4);
INSERT INTO `posts` (`id`, `title`, `slug`, `desc`, `content`, `tags`, `category_id`, `admin_id`, `is_active`, `created_at`, `updated_at`, `view_count`) VALUES
(4, 'The Nest Đà Lạt – Review Trải Nghiệm Nghỉ Dưỡng \"Cực Chill\"', 'the-nest-da-lat-review-trai', 'The Nest Đà Lạt – Trải nghiệm nghỉ dưỡng “cực chill” trong khung cảnh thung lũng sương mây', '<h2 style=\"text-align:justify;\"><span style=\"color:hsl(0, 0%, 0%);font-family:Arial, Helvetica, sans-serif;\"><strong>Giới thiệu The Nest Đà Lạt</strong></span></h2><p style=\"margin-left:0px;text-align:justify;\"><span style=\"color:hsl(0, 0%, 0%);font-family:Arial, Helvetica, sans-serif;\">The Nest Đà Lạt, nằm tại khu Măng Lin, phường 7, cách trung tâm thành phố Đà Lạt 10 km.</span></p><p style=\"margin-left:0px;text-align:justify;\"><span style=\"color:hsl(0, 0%, 0%);font-family:Arial, Helvetica, sans-serif;\">Tại đây, kiến trúc Pháp cổ điển được tái hiện tinh tế, mang lại cho bạn cảm giác như đang lang thang trong một thời kỳ vàng son.&nbsp;</span></p><p style=\"text-align:justify;\"><img src=\"https://homestay.review/wp-content/uploads/2023/09/tong-quan-the-nest-da-lat-750x430.jpg\" width=\"750\" height=\"430\"></p><p style=\"margin-left:0px;text-align:justify;\"><span style=\"color:hsl(0, 0%, 0%);font-family:Arial, Helvetica, sans-serif;\">Từ không gian đến thiên nhiên tạo nên bầu không khí lý tưởng để các cặp đôi lựa chọn villa làm nơi ghi dấu cho hạnh phúc của họ</span></p><p style=\"text-align:justify;\"><span style=\"color:hsl(0, 0%, 0%);font-family:Arial, Helvetica, sans-serif;\"><img style=\"height:auto;\" src=\"https://homestay.review/wp-content/uploads/2023/09/Untitled-design-18.png\" alt=\"Ảnh cưới của cặp đôi Linda Ngô - Phong Đạt chụp tại villa\" srcset=\"https://homestay.review/wp-content/uploads/2023/09/Untitled-design-18.png 900w, https://homestay.review/wp-content/uploads/2023/09/Untitled-design-18-225x300.png 225w, https://homestay.review/wp-content/uploads/2023/09/Untitled-design-18-768x1024.png 768w\" sizes=\"100vw\" width=\"900\" height=\"1200\"></span></p><h2 style=\"text-align:justify;\"><span style=\"color:hsl(0, 0%, 0%);font-family:Arial, Helvetica, sans-serif;\"><strong>Các hạng phòng tại The Nest Đà Lạt</strong></span></h2><p style=\"margin-left:0px;text-align:justify;\"><span style=\"color:hsl(0, 0%, 0%);font-family:Arial, Helvetica, sans-serif;\">Villa tổng diện tích 500m2 với 10 phòng ngủ</span></p><h3 style=\"text-align:justify;\"><span class=\"text-small\" style=\"color:hsl(0, 0%, 0%);font-family:Arial, Helvetica, sans-serif;\"><strong>Hạng phòng Premier Double</strong></span></h3><p style=\"margin-left:0px;text-align:justify;\"><span style=\"color:hsl(0, 0%, 0%);font-family:Arial, Helvetica, sans-serif;\">Phòng Premier Double bao gồm 01 giường đôi 1m8 (phù hợp cho 2 người lớn) với diện tích 20-25m2&nbsp;</span></p><p style=\"text-align:justify;\"><span style=\"color:hsl(0, 0%, 0%);font-family:Arial, Helvetica, sans-serif;\"><img style=\"height:auto;\" src=\"https://homestay.review/wp-content/uploads/2023/09/Hang-phong-Premium-Double-750x430.jpg\" alt=\"Phòng Premier Double tại The Nest Đà Lạt\" width=\"750\" height=\"430\"></span></p><p style=\"margin-left:0px;text-align:justify;\"><span style=\"color:hsl(0, 0%, 0%);font-family:Arial, Helvetica, sans-serif;\">Giá thường giao động từ 1,300,000 đ – 1,500,000đ/đêm (đã bao gồm bữa sáng cho 2 khách/phòng).</span></p><h3 style=\"text-align:justify;\"><span class=\"text-small\" style=\"color:hsl(0, 0%, 0%);font-family:Arial, Helvetica, sans-serif;\"><strong>Hạng phòng Premier Twin</strong></span></h3><p style=\"margin-left:0px;text-align:justify;\"><span style=\"color:hsl(0, 0%, 0%);font-family:Arial, Helvetica, sans-serif;\">Phòng Premier Twin bao gồm 02 giường đơn 1m2 (phù hợp cho 2 người lớn) với diện tích 30m2.</span></p><p style=\"text-align:justify;\"><span style=\"color:hsl(0, 0%, 0%);font-family:Arial, Helvetica, sans-serif;\"><img style=\"height:auto;\" src=\"https://homestay.review/wp-content/uploads/2023/09/Premier-Twin-750x430.jpg\" alt=\"Phòng Premier Twin tại The Nest Đà Lạt\" width=\"750\" height=\"430\"></span></p><p style=\"margin-left:0px;text-align:justify;\"><span style=\"color:hsl(0, 0%, 0%);font-family:Arial, Helvetica, sans-serif;\">Giá thường giao động từ 1,400,000 đ – 1,600,000đ/đêm (đã bao gồm bữa sáng cho 2 khách/phòng)/</span></p><h3 style=\"text-align:justify;\"><span class=\"text-small\" style=\"color:hsl(0, 0%, 0%);\"><strong>Hạng phòng Signature Suite</strong></span></h3><p style=\"text-align:justify;\"><span style=\"color:hsl(0, 0%, 0%);font-family:Arial, Helvetica, sans-serif;\"><strong>Phòng Signature Suite (1 giường đôi)</strong></span></p><p style=\"margin-left:0px;text-align:justify;\"><span style=\"color:hsl(0, 0%, 0%);font-family:Arial, Helvetica, sans-serif;\">Bao gồm 01 giường đôi 1m8 (phù hợp cho 2 người lớn) với diện tích 40m2.</span></p><p style=\"text-align:justify;\"><span style=\"color:hsl(0, 0%, 0%);font-family:Arial, Helvetica, sans-serif;\"><img style=\"height:auto;\" src=\"https://homestay.review/wp-content/uploads/2023/09/Phong-Signature-Suite-1-giuong-doi-750x430.jpg\" alt=\"Phòng Signature Suite (1 giường đôi)\" width=\"750\" height=\"430\"></span></p><p style=\"text-align:justify;\"><span style=\"color:hsl(0, 0%, 0%);font-family:Arial, Helvetica, sans-serif;\">Phòng Signature Suite (1 giường đôi + 1 giường tầng nhỏ).</span></p><p style=\"text-align:justify;\"><span style=\"color:hsl(0, 0%, 0%);font-family:Arial, Helvetica, sans-serif;\"><img style=\"height:auto;\" src=\"https://homestay.review/wp-content/uploads/2023/09/Phong-Signature-Suite-1-giuong-doi-1-giuong-tang-nho-750x430.jpg\" alt=\"Phòng Signature Suite (1 giường đôi + 1 giường tầng nhỏ)\" width=\"750\" height=\"430\"></span></p><p style=\"margin-left:0px;text-align:justify;\"><span style=\"color:hsl(0, 0%, 0%);font-family:Arial, Helvetica, sans-serif;\">Bao gồm 1 giường đôi 1m8 và 1 giường tầng nhỏ với diện tích phòng 30m2.</span></p><h2 style=\"text-align:justify;\"><span style=\"color:hsl(0, 0%, 0%);font-family:Arial, Helvetica, sans-serif;\"><strong>Tiện ích và các dịch vụ tại The Nest Đà Lạt</strong></span></h2><p style=\"margin-left:0px;text-align:justify;\"><span style=\"color:hsl(0, 0%, 0%);font-family:Arial, Helvetica, sans-serif;\">Nơi đây được công nhận là hệ thống villa đầy đủ tiện ích bậc nhất Đà Lạt.</span></p><h3 style=\"text-align:justify;\"><span class=\"text-small\" style=\"color:hsl(0, 0%, 0%);font-family:Arial, Helvetica, sans-serif;\"><strong>Nhà hàng phục vụ ẩm thực Á – Âu</strong></span></h3><p style=\"margin-left:0px;text-align:justify;\"><span style=\"color:hsl(0, 0%, 0%);font-family:Arial, Helvetica, sans-serif;\">Nhà hàng nằm trên lưng chừng thung lũng với “view triệu đô” hướng ra đồi thông, trang trại</span></p><p style=\"text-align:justify;\"><span style=\"color:hsl(0, 0%, 0%);font-family:Arial, Helvetica, sans-serif;\"><img style=\"height:auto;\" src=\"https://homestay.review/wp-content/uploads/2023/09/Nha-hang-The-Nest-Da-Lat-750x430.jpg\" alt=\"Nhà hàng &quot;view triệu đô&quot;\" width=\"750\" height=\"430\"></span></p><h3 style=\"text-align:justify;\"><span class=\"text-small\" style=\"color:hsl(0, 0%, 0%);font-family:Arial, Helvetica, sans-serif;\"><strong>Nơi tổ chức nhiều show nhạc Mây Lang Thang</strong></span></h3><p style=\"margin-left:0px;text-align:justify;\"><span style=\"color:hsl(0, 0%, 0%);font-family:Arial, Helvetica, sans-serif;\">Nếu du lịch Đà Lạt cùng người ấy mà không cùng nhau thưởng thức âm nhạc cực chill tại Mây Lang Thang thì quá thiếu xót</span></p><p style=\"text-align:justify;\"><span style=\"color:hsl(0, 0%, 0%);font-family:Arial, Helvetica, sans-serif;\"><img style=\"height:auto;\" src=\"https://homestay.review/wp-content/uploads/2023/09/311615261_634074645057547_3671609904439412706_n-750x430.jpg\" alt=\"Mây Lang Thang tại The Nest Đà Lạt\" width=\"750\" height=\"430\"></span></p><p style=\"margin-left:0px;text-align:justify;\"><span style=\"color:hsl(0, 0%, 0%);font-family:Arial, Helvetica, sans-serif;\">Thế tại sao không thử trải nghiệm nghe nhạc kết hợp nghỉ dưỡng tại The Nest Đà Lạt?</span></p><h3 style=\"text-align:justify;\"><span class=\"text-small\" style=\"color:hsl(0, 0%, 0%);font-family:Arial, Helvetica, sans-serif;\"><strong>Nhiều góc check-in đậm chất Đà Lạt</strong></span></h3><p style=\"margin-left:0px;text-align:justify;\"><span style=\"color:hsl(0, 0%, 0%);font-family:Arial, Helvetica, sans-serif;\">Nếu đang tìm một nơi check-in thú cưng cực chất thì list ngay The Nest vào tọa độ sống ảo của mình</span></p><p style=\"text-align:justify;\"><span style=\"color:hsl(0, 0%, 0%);font-family:Arial, Helvetica, sans-serif;\"><img style=\"height:auto;\" src=\"https://homestay.review/wp-content/uploads/2023/09/357393289_650122410475418_1412350310547189280_n-750x430.jpg\" alt=\"Góc check-in cùng cừu \" width=\"750\" height=\"430\"></span></p><h3 style=\"text-align:justify;\"><span class=\"text-small\" style=\"color:hsl(0, 0%, 0%);font-family:Arial, Helvetica, sans-serif;\"><strong>Ngắm trọn khung cảnh thung lũng sương mây tại villa</strong></span></h3><p style=\"text-align:justify;\"><span style=\"color:hsl(0, 0%, 0%);font-family:Arial, Helvetica, sans-serif;\"><img style=\"height:auto;\" src=\"https://homestay.review/wp-content/uploads/2023/09/san-may-750x430.jpg\" alt=\"Săn mây tại The Nest Đà Lạt\" width=\"750\" height=\"430\"></span></p><h2 style=\"text-align:justify;\"><span style=\"color:hsl(0, 0%, 0%);font-family:Arial, Helvetica, sans-serif;\"><strong>Đánh giá The Nest Đà Lạt</strong></span></h2><p style=\"margin-left:0px;text-align:justify;\"><span style=\"color:hsl(0, 0%, 0%);font-family:Arial, Helvetica, sans-serif;\">Villa đã nhận được sự khen ngợi và đánh giá tích cực từ đa số khách hàng lưu trú. Điều này là minh chứng cho chất lượng xuất sắc của khu nghỉ dưỡng này, với đầy đủ tiện nghi và dịch vụ tuyệt vời mà nó cung cấp.</span></p>', 'khách sạn Đà Lạt,check-in', 2, 7, 1, '2024-01-04 15:19:44', '2024-01-04 15:24:40', 3),
(5, 'Top 3 Resort, Homestay Có Tắm Khoáng Nóng Gần Hà Nội', 'top-3-resort-homestay-co-tam', 'Xu hướng du lịch sức khỏe lên ngôi vì thế trải nghiệm những nơi nghỉ dưỡng kết hợp tắm khoáng nóng là lựa chọn hoàn hảo cho mùa thu đông này. Cùng Homestay.Review điểm qua top 3 khu nghỉ dưỡng tốt nhất nhé!', '<h2 style=\"text-align:justify;\"><span style=\"color:hsl(0, 0%, 0%);font-family:Arial, Helvetica, sans-serif;\"><strong>1. Melody Retreat Hòa Bình</strong></span></h2><p style=\"margin-left:0px;text-align:justify;\"><span style=\"color:hsl(0, 0%, 0%);font-family:Arial, Helvetica, sans-serif;\">Melody Retreat ẩn mình tại xã Cư Yên, tỉnh Hòa Bình, khu nghỉ dưỡng tắm khoáng nóng giữa vẻ đẹp tự nhiên hùng vĩ của miền núi phía Bắc</span></p><p style=\"margin-left:0px;text-align:justify;\">&nbsp;</p><p style=\"text-align:justify;\"><a href=\"https://homestay.review/resort-tam-khoang-nong-gan-ha-noi.html/4-66\"><span style=\"color:hsl(0, 0%, 0%);font-family:Arial, Helvetica, sans-serif;\"><img style=\"height:auto;\" src=\"https://homestay.review/wp-content/uploads/2023/11/4.png\" alt=\"Melody Retreat tỏa sáng như một bản nhạc tình ca của thiên nhiên\" srcset=\"https://homestay.review/wp-content/uploads/2023/11/4.png 2048w, https://homestay.review/wp-content/uploads/2023/11/4-300x225.png 300w, https://homestay.review/wp-content/uploads/2023/11/4-1024x768.png 1024w, https://homestay.review/wp-content/uploads/2023/11/4-768x576.png 768w, https://homestay.review/wp-content/uploads/2023/11/4-1536x1152.png 1536w, https://homestay.review/wp-content/uploads/2023/11/4-86x64.png 86w\" sizes=\"100vw\" width=\"2048\" height=\"1536\"></span></a></p><p style=\"text-align:justify;\"><span style=\"color:hsl(0, 0%, 0%);font-family:Arial, Helvetica, sans-serif;\"><i>Melody Retreat tỏa sáng như một bản nhạc tình ca của thiên nhiên</i></span></p><p style=\"margin-left:0px;text-align:justify;\"><span style=\"color:hsl(0, 0%, 0%);font-family:Arial, Helvetica, sans-serif;\">Melody Retreat không chỉ có sân cỏ rộng lớn, mà còn mang đến trải nghiệm bể bơi siêu khổng lồ và góc check-in tuyệt vời với bối cảnh rừng xanh thư giãn.</span></p><p style=\"text-align:justify;\"><a href=\"https://homestay.review/resort-tam-khoang-nong-gan-ha-noi.html/3-72\"><span style=\"color:hsl(0, 0%, 0%);font-family:Arial, Helvetica, sans-serif;\"><img style=\"height:auto;\" src=\"https://homestay.review/wp-content/uploads/2023/11/3.png\" alt=\"Trải nghiệm tắm khoáng nóng onsen \" srcset=\"https://homestay.review/wp-content/uploads/2023/11/3.png 2048w, https://homestay.review/wp-content/uploads/2023/11/3-300x225.png 300w, https://homestay.review/wp-content/uploads/2023/11/3-1024x768.png 1024w, https://homestay.review/wp-content/uploads/2023/11/3-768x576.png 768w, https://homestay.review/wp-content/uploads/2023/11/3-1536x1152.png 1536w, https://homestay.review/wp-content/uploads/2023/11/3-86x64.png 86w\" sizes=\"100vw\" width=\"2048\" height=\"1536\"></span></a></p><p style=\"text-align:justify;\"><span style=\"color:hsl(0, 0%, 0%);font-family:Arial, Helvetica, sans-serif;\"><i>Trải nghiệm tắm khoáng nóng onsen</i></span></p><p style=\"margin-left:0px;text-align:justify;\"><span style=\"color:hsl(0, 0%, 0%);font-family:Arial, Helvetica, sans-serif;\">Đồng thời, địa điểm còn cung cấp các dịch vụ chăm sóc sức khỏe theo tiêu chuẩn quốc tế, như bể sục massage, xông hơi, tắm Onsen, gội đầu dưỡng sinh và nhiều tiện ích khác.</span></p><figure class=\"image\" style=\"height:auto;\"><a href=\"https://homestay.review/resort-tam-khoang-nong-gan-ha-noi.html/14-15\"><img style=\"aspect-ratio:2048/1536;\" alt=\"\" srcset=\"https://homestay.review/wp-content/uploads/2023/11/14.png 2048w, https://homestay.review/wp-content/uploads/2023/11/14-300x225.png 300w, https://homestay.review/wp-content/uploads/2023/11/14-1024x768.png 1024w, https://homestay.review/wp-content/uploads/2023/11/14-768x576.png 768w, https://homestay.review/wp-content/uploads/2023/11/14-1536x1152.png 1536w, https://homestay.review/wp-content/uploads/2023/11/14-86x64.png 86w\" sizes=\"100vw\" width=\"2048\" height=\"1536\"></a></figure><p style=\"margin-left:0px;text-align:justify;\"><span style=\"color:hsl(0, 0%, 0%);font-family:Arial, Helvetica, sans-serif;\">Tham khảo giá phòng tốt nhất </span><a href=\"https://thehappystay.vn/vi/hosts/5767/\"><span style=\"color:hsl(0, 0%, 0%);font-family:Arial, Helvetica, sans-serif;\">tại đây</span></a></p><h2 style=\"text-align:justify;\"><span style=\"color:hsl(0, 0%, 0%);font-family:Arial, Helvetica, sans-serif;\"><strong>2. Onsen Villas Hòa Bình</strong></span></h2><p style=\"margin-left:0px;text-align:justify;\"><span style=\"color:hsl(0, 0%, 0%);font-family:Arial, Helvetica, sans-serif;\">Onsen Villas nằm cách trung tâm Hà Nội khoảng 50km và chỉ cách thành phố Hòa Bình chưa đầy 20km.</span></p><p style=\"text-align:justify;\"><a href=\"https://homestay.review/resort-tam-khoang-nong-gan-ha-noi.html/9-21\"><span style=\"color:hsl(0, 0%, 0%);font-family:Arial, Helvetica, sans-serif;\"><img style=\"height:auto;\" alt=\"Căn villa với thiết kế phong cách Nhật Bản\" srcset=\"https://homestay.review/wp-content/uploads/2023/11/9.png 2048w, https://homestay.review/wp-content/uploads/2023/11/9-300x225.png 300w, https://homestay.review/wp-content/uploads/2023/11/9-1024x768.png 1024w, https://homestay.review/wp-content/uploads/2023/11/9-768x576.png 768w, https://homestay.review/wp-content/uploads/2023/11/9-1536x1152.png 1536w, https://homestay.review/wp-content/uploads/2023/11/9-86x64.png 86w\" sizes=\"100vw\" width=\"2048\" height=\"1536\"></span></a></p><p style=\"text-align:justify;\"><span style=\"color:hsl(0, 0%, 0%);font-family:Arial, Helvetica, sans-serif;\"><i>Căn villa với thiết kế phong cách Nhật Bản</i></span></p><p style=\"margin-left:0px;text-align:justify;\"><span style=\"color:hsl(0, 0%, 0%);font-family:Arial, Helvetica, sans-serif;\">Dựa theo kiến trúc truyền thống của Nhật Bản, khu nghỉ dưỡng này bao gồm những căn biệt thự được thiết kế đơn giản nhưng vẫn đậm chất văn hóa Phù Tang.</span></p><p style=\"text-align:justify;\"><a href=\"https://homestay.review/resort-tam-khoang-nong-gan-ha-noi.html/5-34\"><span style=\"color:hsl(0, 0%, 0%);font-family:Arial, Helvetica, sans-serif;\"><img style=\"height:auto;\" alt=\"Những căn biệt thự ở đây được thiết kế hiện đại, với trần nhà cao và rộng, cùng với nhiều cửa sổ cho ánh sáng tự nhiên lan tỏa\" srcset=\"https://homestay.review/wp-content/uploads/2023/11/5.png 2048w, https://homestay.review/wp-content/uploads/2023/11/5-300x225.png 300w, https://homestay.review/wp-content/uploads/2023/11/5-1024x768.png 1024w, https://homestay.review/wp-content/uploads/2023/11/5-768x576.png 768w, https://homestay.review/wp-content/uploads/2023/11/5-1536x1152.png 1536w, https://homestay.review/wp-content/uploads/2023/11/5-86x64.png 86w\" sizes=\"100vw\" width=\"2048\" height=\"1536\"></span></a></p><p style=\"text-align:justify;\"><span style=\"color:hsl(0, 0%, 0%);font-family:Arial, Helvetica, sans-serif;\"><i>Những căn biệt thự ở đây được thiết kế hiện đại, với trần nhà cao và rộng, cùng với nhiều cửa sổ cho ánh sáng tự nhiên lan tỏa</i></span></p><p style=\"margin-left:0px;text-align:justify;\">&nbsp;</p><p style=\"margin-left:0px !important;text-align:justify;\"><span style=\"color:hsl(0, 0%, 0%);font-family:Arial, Helvetica, sans-serif;\">- Advertisement -</span></p><figure class=\"image\" style=\"height:auto;\"><a href=\"https://homestay.review/resort-tam-khoang-nong-gan-ha-noi.html/8-24\"><img style=\"aspect-ratio:2048/1536;\" alt=\"\" srcset=\"https://homestay.review/wp-content/uploads/2023/11/8.png 2048w, https://homestay.review/wp-content/uploads/2023/11/8-300x225.png 300w, https://homestay.review/wp-content/uploads/2023/11/8-1024x768.png 1024w, https://homestay.review/wp-content/uploads/2023/11/8-768x576.png 768w, https://homestay.review/wp-content/uploads/2023/11/8-1536x1152.png 1536w, https://homestay.review/wp-content/uploads/2023/11/8-86x64.png 86w\" sizes=\"100vw\" width=\"2048\" height=\"1536\"></a></figure><figure class=\"image\" style=\"height:auto;\"><a href=\"https://homestay.review/resort-tam-khoang-nong-gan-ha-noi.html/4-67\"><img style=\"aspect-ratio:2048/1536;\" alt=\"\" srcset=\"https://homestay.review/wp-content/uploads/2023/11/4-1.png 2048w, https://homestay.review/wp-content/uploads/2023/11/4-1-300x225.png 300w, https://homestay.review/wp-content/uploads/2023/11/4-1-1024x768.png 1024w, https://homestay.review/wp-content/uploads/2023/11/4-1-768x576.png 768w, https://homestay.review/wp-content/uploads/2023/11/4-1-1536x1152.png 1536w, https://homestay.review/wp-content/uploads/2023/11/4-1-86x64.png 86w\" sizes=\"100vw\" width=\"2048\" height=\"1536\"></a></figure><p style=\"margin-left:0px;text-align:justify;\"><span style=\"color:hsl(0, 0%, 0%);font-family:Arial, Helvetica, sans-serif;\">Với sự thanh lịch mà không cầu kỳ, Onsen Villas mang đến cho du khách không gian yên bình và thư thái, khiến bất kỳ ai ghé thăm cũng có cảm giác an lòng.</span></p><p style=\"text-align:justify;\"><a href=\"https://homestay.review/resort-tam-khoang-nong-gan-ha-noi.html/8-25\"><span style=\"color:hsl(0, 0%, 0%);font-family:Arial, Helvetica, sans-serif;\"><img style=\"height:auto;\" alt=\"Bể tắm nóng được ưa thích khi du khách đến nghỉ dưỡng\" srcset=\"https://homestay.review/wp-content/uploads/2023/11/8-1.png 1536w, https://homestay.review/wp-content/uploads/2023/11/8-1-225x300.png 225w, https://homestay.review/wp-content/uploads/2023/11/8-1-768x1024.png 768w, https://homestay.review/wp-content/uploads/2023/11/8-1-1152x1536.png 1152w\" sizes=\"100vw\" width=\"1536\" height=\"2048\"></span></a></p><p style=\"text-align:justify;\"><span style=\"color:hsl(0, 0%, 0%);font-family:Arial, Helvetica, sans-serif;\"><i>Bể tắm nóng được ưa thích khi du khách đến nghỉ dưỡng</i></span></p><p style=\"margin-left:0px;text-align:justify;\"><span style=\"color:hsl(0, 0%, 0%);font-family:Arial, Helvetica, sans-serif;\">Tham khảo giá phòng tốt nhất </span><a href=\"https://thehappystay.vn/vi/hosts/5536/\"><span style=\"color:hsl(0, 0%, 0%);font-family:Arial, Helvetica, sans-serif;\">tại đây</span></a></p><h2 style=\"text-align:justify;\"><span style=\"color:hsl(0, 0%, 0%);font-family:Arial, Helvetica, sans-serif;\"><strong>3. Satoyama Village – Địa điểm tắm khoáng nóng Onsen phù hợp</strong></span></h2><p style=\"margin-left:0px;text-align:justify;\"><span style=\"color:hsl(0, 0%, 0%);font-family:Arial, Helvetica, sans-serif;\">Khu nghỉ dưỡng tựa ngôi làng Nhật giữa lòng Hòa Bình nằm tại Lương Sơn.</span></p><p style=\"text-align:justify;\"><a href=\"https://homestay.review/resort-tam-khoang-nong-gan-ha-noi.html/18-11\"><span style=\"color:hsl(0, 0%, 0%);font-family:Arial, Helvetica, sans-serif;\"><img style=\"height:auto;\" alt=\"Satoyama Village nằm trên triền đồi với khung cảnh cánh đồng lúa\" srcset=\"https://homestay.review/wp-content/uploads/2023/11/18.png 2048w, https://homestay.review/wp-content/uploads/2023/11/18-300x225.png 300w, https://homestay.review/wp-content/uploads/2023/11/18-1024x768.png 1024w, https://homestay.review/wp-content/uploads/2023/11/18-768x576.png 768w, https://homestay.review/wp-content/uploads/2023/11/18-1536x1152.png 1536w, https://homestay.review/wp-content/uploads/2023/11/18-86x64.png 86w\" sizes=\"100vw\" width=\"2048\" height=\"1536\"></span></a></p><p style=\"text-align:justify;\"><span style=\"color:hsl(0, 0%, 0%);font-family:Arial, Helvetica, sans-serif;\"><i>Satoyama Village nằm trên triền đồi với khung cảnh cánh đồng lúa</i></span></p><p style=\"margin-left:0px;text-align:justify;\"><span style=\"color:hsl(0, 0%, 0%);font-family:Arial, Helvetica, sans-serif;\">Khu nghỉ dưỡng ôm lấy những dãy núi phủ một màu xanh ngắt.</span></p><p style=\"text-align:justify;\"><a href=\"https://homestay.review/resort-tam-khoang-nong-gan-ha-noi.html/9-22\"><span style=\"color:hsl(0, 0%, 0%);font-family:Arial, Helvetica, sans-serif;\"><img style=\"height:auto;\" alt=\"Vẻ đẹp của vùng núi phía Bắc đựa nhiều du khách ưu ái\" srcset=\"https://homestay.review/wp-content/uploads/2023/11/9-1.png 1536w, https://homestay.review/wp-content/uploads/2023/11/9-1-225x300.png 225w, https://homestay.review/wp-content/uploads/2023/11/9-1-768x1024.png 768w, https://homestay.review/wp-content/uploads/2023/11/9-1-1152x1536.png 1152w\" sizes=\"100vw\" width=\"1536\" height=\"2048\"></span></a></p><p style=\"text-align:justify;\"><span style=\"color:hsl(0, 0%, 0%);font-family:Arial, Helvetica, sans-serif;\"><i>Vẻ đẹp của vùng núi phía Bắc đựa nhiều du khách ưu ái</i></span></p><p style=\"margin-left:0px;text-align:justify;\"><span style=\"color:hsl(0, 0%, 0%);font-family:Arial, Helvetica, sans-serif;\">Điểm đặc biệt của khu nghỉ dưỡng là tắm khoáng nóng Onsen theo phong cách Nhật Bản</span></p><figure class=\"image\" style=\"height:auto;\"><a href=\"https://homestay.review/resort-tam-khoang-nong-gan-ha-noi.html/2-73\"><img style=\"aspect-ratio:1536/2048;\" alt=\"\" srcset=\"https://homestay.review/wp-content/uploads/2023/11/2.png 1536w, https://homestay.review/wp-content/uploads/2023/11/2-225x300.png 225w, https://homestay.review/wp-content/uploads/2023/11/2-768x1024.png 768w, https://homestay.review/wp-content/uploads/2023/11/2-1152x1536.png 1152w\" sizes=\"100vw\" width=\"1536\" height=\"2048\"></a></figure><p style=\"text-align:justify;\"><a href=\"https://homestay.review/resort-tam-khoang-nong-gan-ha-noi.html/19-11\"><span style=\"color:hsl(0, 0%, 0%);font-family:Arial, Helvetica, sans-serif;\"><img style=\"height:auto;\" alt=\"Khu bồn tắm được thiết kế với cảm hứng từ Nhật Bản\" srcset=\"https://homestay.review/wp-content/uploads/2023/11/19.png 2048w, https://homestay.review/wp-content/uploads/2023/11/19-300x225.png 300w, https://homestay.review/wp-content/uploads/2023/11/19-1024x768.png 1024w, https://homestay.review/wp-content/uploads/2023/11/19-768x576.png 768w, https://homestay.review/wp-content/uploads/2023/11/19-1536x1152.png 1536w, https://homestay.review/wp-content/uploads/2023/11/19-86x64.png 86w\" sizes=\"100vw\" width=\"2048\" height=\"1536\"></span></a></p><p style=\"text-align:justify;\"><span style=\"color:hsl(0, 0%, 0%);font-family:Arial, Helvetica, sans-serif;\"><i>Khu bồn tắm được thiết kế với cảm hứng từ Nhật Bản</i></span></p><p style=\"margin-left:0px;text-align:justify;\"><span style=\"color:hsl(0, 0%, 0%);font-family:Arial, Helvetica, sans-serif;\">Tham khảo giá phòng tốt nhất</span><a href=\"https://thehappystay.vn/vi/hosts/5523/\"><span style=\"color:hsl(0, 0%, 0%);font-family:Arial, Helvetica, sans-serif;\"> tại đây.</span></a></p><p style=\"margin-left:0px;text-align:justify;\"><span style=\"color:hsl(0, 0%, 0%);font-family:Arial, Helvetica, sans-serif;\">Trên đây là top 3 khu nghỉ dưỡng gần Hà Nội có bể tắm khoáng nóng. Hy vọng những thông tin này sẽ hữu ích cho chuyến nghỉ dưỡng của bạn.</span></p>', 'tắm khoáng,homestay Hòa Bình,homestay Hà Nội', 1, 10, 1, '2024-01-04 15:19:44', '2024-01-04 16:50:24', 22),
(6, 'Không Lo Cháy Túi Với Top 4 Hotel Ninh Thuận Ngon - Bổ - Rẻ', 'khong-lo-chay-tui-voi-top-4-ho', 'Tháng 1 này nếu như bạn chưa biết du lịch ở đâu, Ninh Thuận sẽ là một gợi ý lý tưởng cho bạn. Với không khí nhiệt đới gió mùa, đây được coi là thời điểm phù hợp nhất để khách du lịch khám phá thành phố đầy nắng gió này. Dưới đây là 4 gọi ý cho hotel Ninh Thuận được yêu thích nhất để chuyến đu của du khách thêm trọn vẹn.', '<h3 style=\"text-align:justify;\"><span style=\"color:hsl(0, 0%, 0%);font-family:Arial, Helvetica, sans-serif;\"><strong>1. Phan Rang Hotel</strong></span></h3><p style=\"margin-left:0px;text-align:justify;\"><span style=\"color:hsl(0, 0%, 0%);font-family:Arial, Helvetica, sans-serif;\"><strong>Địa chỉ:</strong> Khu phố 5, Thanh Sơn, Phan Rang, Ninh Thuận, Việt Nam</span></p><p style=\"margin-left:0px;text-align:justify;\"><span style=\"color:hsl(0, 0%, 0%);font-family:Arial, Helvetica, sans-serif;\"><strong>Phan Rang Hotel</strong> là một khách sạn khiến rất nhiều du khách yêu thích và hài lòng với background lãng mạn hiện đại và hệ thống dịch vụ sang trọng và tiện nghi. Với các khu vực sinh hoạt chung, du khách sẽ cảm thấy yêu đời và thú vị bởi không gian tràn ngập màu sắc, những gian phòng nghỉ cho khách được thiết kế theo theo lối giản dị, truyền mà vẫn sang trọng cùng những thiết bị gia dụng, dịch vụ hiện đại sẽ mang đến cho du khách những giây phút nghỉ dưỡng thảnh thơi sau một ngày mệt mỏi.</span></p><p style=\"text-align:justify;\"><span style=\"color:hsl(0, 0%, 0%);font-family:Arial, Helvetica, sans-serif;\"><img style=\"height:auto;\" src=\"https://homestay.review/wp-content/uploads/2019/01/phan-rang-hotel.jpg\" alt=\"Phan Rang hotel\" srcset=\"https://homestay.review/wp-content/uploads/2019/01/phan-rang-hotel.jpg 1024w, https://homestay.review/wp-content/uploads/2019/01/phan-rang-hotel-300x190.jpg 300w, https://homestay.review/wp-content/uploads/2019/01/phan-rang-hotel-768x487.jpg 768w\" sizes=\"100vw\" width=\"1024\" height=\"649\"></span></p><p style=\"margin-left:0px;text-align:justify;\"><span style=\"color:hsl(0, 0%, 0%);font-family:Arial, Helvetica, sans-serif;\">Với vị trí khá gần <strong>Núi Cổ Trung Tự</strong> và<strong> biển Ninh Chữ</strong>, đây là một điểm dừng chân phù hợp với khách du lịch. Du khách có thể tự mình khám phá các địa điểm này nhờ dịch<strong> vụ cho thuê xe đạp miễn phí</strong> của hotel Ninh Bình.</span></p><p style=\"margin-left:0px;text-align:justify;\"><a href=\"https://www.booking.com/hotel/vn/phan-rang.vi.html?label=gen173nr-1DCAEoggI46AdIM1gEaPQBiAEBmAEquAETyAEa2AED6AEBiAIBqAID&amp;sid=26e6e0e37aadbe6f58a443ab25c79e15&amp;srpvid=5af34734e158002f&amp;ucfs=1&amp;srpvid=5af34734e158002f&amp;srepoch=1544436458&amp;room1=A,A&amp;hpos=1&amp;hapos=1&amp;dest_type=city&amp;dest_id=-3725083&amp;srfid=b8249f9d58bc932398889e2b986c4d285b13a994X1&amp;from=searchresults;highlight_room=#hotelTmpl\"><span style=\"color:hsl( 26, 91%, 59% );font-family:Arial, Helvetica, sans-serif;\">Tham khảo thêm phản hồi từ du khách, chi tiết dịch vụ giá phòng và đặt phòng trên Booking.com</span></a><span style=\"color:hsl( 26, 91%, 59% );font-family:Arial, Helvetica, sans-serif;\">.</span></p><h3 style=\"text-align:justify;\"><span style=\"color:hsl(0, 0%, 0%);font-family:Arial, Helvetica, sans-serif;\"><strong>2. Hotel Minh Quang</strong></span></h3><p style=\"margin-left:0px;text-align:justify;\"><span style=\"color:hsl(0, 0%, 0%);font-family:Arial, Helvetica, sans-serif;\"><strong>Địa chỉ:</strong> 16/4, phường 4, quận Mỹ Hải, Phan Rang, Việt Nam</span></p><p style=\"margin-left:0px;text-align:justify;\"><span style=\"color:hsl(0, 0%, 0%);font-family:Arial, Helvetica, sans-serif;\">Tọa lên trên vị trí đắc địa gần biển và núi, hotel Ninh Thuận - <strong>khách sạn Minh Quang</strong> cung cấp cho du khách một nơi dừng chân dễ chịu và thoải mái với các dịch vụ hàng đầu và đội ngũ nhân viên chuyên nghiệp cùng một không gian nghỉ dưỡng tiện nghi và sang trọng. Các phòng ngủ tại đây đều có ban công với view nhìn ra biển và núi cực đẹp.</span></p><p style=\"text-align:justify;\"><span style=\"color:hsl(0, 0%, 0%);font-family:Arial, Helvetica, sans-serif;\"><img style=\"height:auto;\" src=\"https://homestay.review/wp-content/uploads/2019/01/minh-quang-phan-rang-hotel.jpg\" alt=\"hotel Minh Quang Phan Rang\" srcset=\"https://homestay.review/wp-content/uploads/2019/01/minh-quang-phan-rang-hotel.jpg 1024w, https://homestay.review/wp-content/uploads/2019/01/minh-quang-phan-rang-hotel-300x200.jpg 300w, https://homestay.review/wp-content/uploads/2019/01/minh-quang-phan-rang-hotel-768x512.jpg 768w, https://homestay.review/wp-content/uploads/2019/01/minh-quang-phan-rang-hotel-696x464.jpg 696w, https://homestay.review/wp-content/uploads/2019/01/minh-quang-phan-rang-hotel-630x420.jpg 630w\" sizes=\"100vw\" width=\"1024\" height=\"683\"></span></p><p style=\"margin-left:0px;text-align:justify;\"><span style=\"color:hsl(0, 0%, 0%);font-family:Arial, Helvetica, sans-serif;\">Không gian trong phòng nghỉ được thiết kế đơn giản. Hệ thống phòng nghỉ bao gồm các phòng dành cho 2 đến 4 người ở với mức giá và các loại hình phục vụ khác nhau. Với lợi thế về vị trí và nỗ lực làm hài lòng khách, đây là một khách sạn du khách không thể không tham khảo khi du lịch tại <strong>thành phố Phan Rang</strong>.</span></p><p style=\"margin-left:0px;text-align:justify;\"><a href=\"https://www.booking.com/hotel/vn/minh-quang-phan-rang.vi.html?label=gen173nr-1DCAEoggI46AdIM1gEaPQBiAEBmAEquAETyAEa2AED6AEBiAIBqAID&amp;sid=26e6e0e37aadbe6f58a443ab25c79e15&amp;srpvid=32f556077cdf00d6&amp;ucfs=1&amp;srpvid=32f556077cdf00d6&amp;srepoch=1544444047&amp;room1=A,A&amp;hpos=1&amp;hapos=1&amp;dest_type=city&amp;dest_id=-3725083&amp;srfid=f93293dd0f3ad4b0d2a4d31a0b916e5ffef606aeX1&amp;from=searchresults;highlight_room=#hotelTmpl\"><span style=\"color:hsl( 26, 91%, 59% );font-family:Arial, Helvetica, sans-serif;\">Tham khảo thêm phản hồi từ du khách, chi tiết dịch vụ giá phòng và đặt phòng tại Booking.com</span></a><span style=\"color:hsl( 26, 91%, 59% );font-family:Arial, Helvetica, sans-serif;\">.</span></p><h3 style=\"text-align:justify;\"><span style=\"color:hsl(0, 0%, 0%);font-family:Arial, Helvetica, sans-serif;\"><strong>3. Ninh Chu Hotel</strong></span></h3><p style=\"margin-left:0px;text-align:justify;\"><span style=\"color:hsl(0, 0%, 0%);font-family:Arial, Helvetica, sans-serif;\"><strong>Địa chỉ:</strong> Ninh Chữ 2, Khánh hải, thành phố Phan Rang</span></p><p style=\"text-align:justify;\"><span style=\"color:hsl(0, 0%, 0%);font-family:Arial, Helvetica, sans-serif;\"><img style=\"height:auto;\" src=\"https://homestay.review/wp-content/uploads/2019/01/ninh-chu-hotel-phan-rang.jpg\" alt=\"Ninh Chu hotel Phan Rang\" srcset=\"https://homestay.review/wp-content/uploads/2019/01/ninh-chu-hotel-phan-rang.jpg 1024w, https://homestay.review/wp-content/uploads/2019/01/ninh-chu-hotel-phan-rang-300x200.jpg 300w, https://homestay.review/wp-content/uploads/2019/01/ninh-chu-hotel-phan-rang-768x512.jpg 768w, https://homestay.review/wp-content/uploads/2019/01/ninh-chu-hotel-phan-rang-696x464.jpg 696w, https://homestay.review/wp-content/uploads/2019/01/ninh-chu-hotel-phan-rang-630x420.jpg 630w\" sizes=\"100vw\" width=\"1024\" height=\"683\"></span></p><p style=\"margin-left:0px;text-align:justify;\"><span style=\"color:hsl(0, 0%, 0%);font-family:Arial, Helvetica, sans-serif;\">Danh sách hotel Ninh Thuận tốt nhất&nbsp;không thể không nhắc đến <strong>Ninh Chữ Hotel</strong>, đến với Ninh Chữ Hotel, du khách sẽ có cơ hội trải nghiệm một không gian nghỉ dưỡng thoải mái tiện nghi và những lợi thế để có thể thưởng thức vẻ đẹp của <strong>biển Ninh Chữ</strong> nổi tiếng ngay cạnh khách sạn. Nơi nghỉ này cung cấp cho du khách một sân hiên rộng trên tầng thượng và các hoạt động thú vị được tổ chức trên biển.</span></p><p style=\"margin-left:0px;text-align:justify;\"><span style=\"color:hsl(0, 0%, 0%);font-family:Arial, Helvetica, sans-serif;\">Phòng ốc sạch sẽ và tiện nghi cùng cách phục vụ luôn được du khách hài lòng và đánh giá cao. Các phòng nghỉ tại đây phục vụ khách với sức chứa từ hai đến bốn người.</span></p><p style=\"margin-left:0px;text-align:justify;\"><a href=\"https://www.booking.com/hotel/vn/ninh-chu.vi.html?label=gen173nr-1DCAEoggI46AdIM1gEaPQBiAEBmAEquAETyAEa2AED6AEBiAIBqAID&amp;sid=26e6e0e37aadbe6f58a443ab25c79e15&amp;srpvid=32f556077cdf00d6&amp;ucfs=1&amp;srpvid=32f556077cdf00d6&amp;srepoch=1544444047&amp;room1=A,A&amp;hpos=5&amp;hapos=5&amp;dest_type=city&amp;dest_id=-3725083&amp;srfid=f93293dd0f3ad4b0d2a4d31a0b916e5ffef606aeX5&amp;from=searchresults;highlight_room=#hotelTmpl\"><span style=\"color:hsl( 26, 91%, 59% );font-family:Arial, Helvetica, sans-serif;\">Tham khảo thêm phản hồi từ du khách, chi tiết dịch vụ giá phòng và đặt phòng tại Booking.com</span></a><span style=\"color:hsl( 26, 91%, 59% );font-family:Arial, Helvetica, sans-serif;\">.</span></p><h3 style=\"text-align:justify;\"><span style=\"color:hsl(0, 0%, 0%);font-family:Arial, Helvetica, sans-serif;\"><strong>4. Đông Nam Hotel</strong></span></h3><p style=\"margin-left:0px;text-align:justify;\"><span style=\"color:hsl(0, 0%, 0%);font-family:Arial, Helvetica, sans-serif;\"><strong>Địa chỉ:</strong> H1, H2, H3 Võ Giới Sơn, Tháp Chăm, thành phố Phan Rang, Ninh Thuận</span></p><p style=\"text-align:justify;\"><span style=\"color:hsl(0, 0%, 0%);font-family:Arial, Helvetica, sans-serif;\"><img style=\"height:auto;\" src=\"https://homestay.review/wp-content/uploads/2019/01/dong-nam-hotel-phan-rang.jpg\" alt=\"Đông Nam hotel Phan Rang\" srcset=\"https://homestay.review/wp-content/uploads/2019/01/dong-nam-hotel-phan-rang.jpg 1024w, https://homestay.review/wp-content/uploads/2019/01/dong-nam-hotel-phan-rang-300x200.jpg 300w, https://homestay.review/wp-content/uploads/2019/01/dong-nam-hotel-phan-rang-768x512.jpg 768w, https://homestay.review/wp-content/uploads/2019/01/dong-nam-hotel-phan-rang-696x464.jpg 696w, https://homestay.review/wp-content/uploads/2019/01/dong-nam-hotel-phan-rang-630x420.jpg 630w\" sizes=\"100vw\" width=\"1024\" height=\"683\"></span></p><p style=\"margin-left:0px;text-align:justify;\"><span style=\"color:hsl(0, 0%, 0%);font-family:Arial, Helvetica, sans-serif;\">Tọa lạc trên đường <strong>Võ Giới Sơn</strong>, <strong>Đông Nam Hotel</strong> luôn là sự lựa chọn tuyệt vời cho du khách bởi hệ thống phòng ốc sạch sẽ tiện nghi, các dịch vụ tốt, nhân viên nhiệt tình thân thiện. Xung quanh khách sạn ccó rất nhiều địa điểm ăn uống ngon cùng các quán bar và khu chợ. Bãi biển gần với <strong>Đông Nam</strong> nhất là biển Ninh Chữ nổi tiếng.</span></p><p style=\"margin-left:0px;text-align:justify;\"><span style=\"color:hsl(0, 0%, 0%);font-family:Arial, Helvetica, sans-serif;\">Đến với <strong>Đông Nam Hotel</strong>, du khách sẽ được phục vụ các dịch vụ hoàn hảo như hệ thống wi fi miễn phí tại các không gian trong khách sạn hay đội ngũ nhân viên phục vụ 24/24.</span></p><p style=\"margin-left:0px;text-align:justify;\"><a href=\"https://www.booking.com/hotel/vn/dong-nam.vi.html?label=gen173nr-1DCAEoggI46AdIM1gEaPQBiAEBmAEquAETyAEa2AED6AEBiAIBqAID&amp;sid=26e6e0e37aadbe6f58a443ab25c79e15&amp;srpvid=32f556077cdf00d6&amp;ucfs=1&amp;srpvid=32f556077cdf00d6&amp;srepoch=1544444047&amp;room1=A,A&amp;hpos=6&amp;hapos=6&amp;dest_type=city&amp;dest_id=-3725083&amp;srfid=f93293dd0f3ad4b0d2a4d31a0b916e5ffef606aeX6&amp;from=searchresults;highlight_room=#hotelTmpl\"><span style=\"color:hsl( 26, 91%, 59% );font-family:Arial, Helvetica, sans-serif;\">Tham khảo thêm phản hồi từ du khách, chi tiết dịch vụ giá phòng và đặt phòng tại Booking.com</span></a></p>', 'khách sạn Phan Rang, khách sạn rẻ,khách sạn Ninh Thuận', 2, 10, 1, '2024-01-04 15:19:44', '2024-01-04 15:46:41', 10);
INSERT INTO `posts` (`id`, `title`, `slug`, `desc`, `content`, `tags`, `category_id`, `admin_id`, `is_active`, `created_at`, `updated_at`, `view_count`) VALUES
(7, 'Thang Mây Villa & Resort, Người Bạn Của Bình Yên', 'thang-may-villa-resort-nguo', 'Cuộc sống là một cuộc đua. Đôi khi có những lúc chúng ta tập trung quá nhiều để chạm được đích đến, nhưng lại quên mất rằng bản thân cũng cần có những phút giây thư giãn. Hiểu được điểu đó, Thang Mây Villa & Resort Ba Vì đã ra đời! Một nơi nghỉ dưỡng tuyệt vời cho bạn và gia đình, bỏ xa những mối bận tâm của cuộc sống.', '<p style=\"margin-left:0px;text-align:justify;\"><span style=\"color:hsl(0, 0%, 0%);font-family:Arial, Helvetica, sans-serif;\">Địa chỉ: Xóm Chóng, Yên Bài, Ba Vì, Hà Nội</span></p><p style=\"text-align:justify;\"><span style=\"color:hsl(0, 0%, 0%);font-family:Arial, Helvetica, sans-serif;\">Khu resort được lấy cảm hứng từ những nấc thang chạm đến từng tầng thiên nhiên. Thang Mây Village tựa sơn hướng thủy, hòa quyện giữa vẻ đẹp của cảnh trời giúp ta thư thái tinh thần sau những áp lực cuộc sống.</span></p><p style=\"text-align:justify;\"><span style=\"color:hsl(0, 0%, 0%);font-family:Arial, Helvetica, sans-serif;\"><img style=\"height:auto;\" src=\"https://homestay.review/wp-content/uploads/2021/12/262944349_467908978226343_1270130246191257302_n.jpg\" alt=\"Toàn cảnh Thang Mây \" srcset=\"https://homestay.review/wp-content/uploads/2021/12/262944349_467908978226343_1270130246191257302_n.jpg 2048w, https://homestay.review/wp-content/uploads/2021/12/262944349_467908978226343_1270130246191257302_n-300x200.jpg 300w, https://homestay.review/wp-content/uploads/2021/12/262944349_467908978226343_1270130246191257302_n-1024x683.jpg 1024w, https://homestay.review/wp-content/uploads/2021/12/262944349_467908978226343_1270130246191257302_n-768x512.jpg 768w, https://homestay.review/wp-content/uploads/2021/12/262944349_467908978226343_1270130246191257302_n-1536x1024.jpg 1536w\" sizes=\"100vw\" width=\"2048\" height=\"1365\"></span></p><p style=\"text-align:justify;\"><span style=\"color:hsl(0, 0%, 0%);font-family:Arial, Helvetica, sans-serif;\">Toàn cảnh Thang Mây villa &amp; resort Ba Vì nhìn từ trên cao.</span></p><p style=\"margin-left:0px;text-align:justify;\"><span style=\"color:hsl(0, 0%, 0%);font-family:Arial, Helvetica, sans-serif;\">Bao trọn thung lũng rừng nguyên sinh 300ha, hồ tự nhiên 11ha đem đến không gian thoáng đãng, dễ chịu quanh năm. &nbsp;</span></p><p style=\"margin-left:0px;text-align:justify;\"><a href=\"https://thehappystay.vn/rooms/41239#\"><span style=\"color:hsl(0, 0%, 0%);font-family:Arial, Helvetica, sans-serif;\">Thang Mây Village &amp; Resort</span></a><span style=\"color:hsl(0, 0%, 0%);font-family:Arial, Helvetica, sans-serif;\"> được ví như một góc Thuỵ Sỹ thu nhỏ giữa lòng trời Hà Nội. Bao gồm tổ hợp 20 biệt thự cao cấp dưới chân dãy núi Ba Vì và hồ Bản Xôi.</span></p><p style=\"margin-left:0px;text-align:justify;\"><span style=\"color:hsl(0, 0%, 0%);font-family:Arial, Helvetica, sans-serif;\"><img style=\"height:auto;\" src=\"https://homestay.review/wp-content/uploads/2021/12/260009748_140042785036276_2616052011406942318_n.jpg\" alt=\"\" srcset=\"https://homestay.review/wp-content/uploads/2021/12/260009748_140042785036276_2616052011406942318_n.jpg 1280w, https://homestay.review/wp-content/uploads/2021/12/260009748_140042785036276_2616052011406942318_n-300x200.jpg 300w, https://homestay.review/wp-content/uploads/2021/12/260009748_140042785036276_2616052011406942318_n-1024x682.jpg 1024w, https://homestay.review/wp-content/uploads/2021/12/260009748_140042785036276_2616052011406942318_n-768x511.jpg 768w\" sizes=\"100vw\" width=\"1280\" height=\"852\"></span></p><p style=\"margin-left:0px;text-align:justify;\"><span style=\"color:hsl(0, 0%, 0%);font-family:Arial, Helvetica, sans-serif;\">Mỗi căn nhà mang dấu ấn riêng nhờ sự kết hợp độc đáo giữa nét kiến trúc đặc trưng của vùng Bắc Bộ và kiến trúc nhà sàn Mường, qua đó đem đến không gian thoáng mát, thanh tịnh cho người chủ sở hữu. Quan trọng nhất, từng căn đều có sổ đỏ lâu dài.</span></p><p style=\"margin-left:0px;text-align:justify;\"><span style=\"color:hsl(0, 0%, 0%);font-family:Arial, Helvetica, sans-serif;\"><img style=\"height:auto;\" src=\"https://homestay.review/wp-content/uploads/2021/12/259128158_459231729094068_3030173871893759513_n.jpg\" alt=\"\" srcset=\"https://homestay.review/wp-content/uploads/2021/12/259128158_459231729094068_3030173871893759513_n.jpg 2048w, https://homestay.review/wp-content/uploads/2021/12/259128158_459231729094068_3030173871893759513_n-300x225.jpg 300w, https://homestay.review/wp-content/uploads/2021/12/259128158_459231729094068_3030173871893759513_n-1024x768.jpg 1024w, https://homestay.review/wp-content/uploads/2021/12/259128158_459231729094068_3030173871893759513_n-768x576.jpg 768w, https://homestay.review/wp-content/uploads/2021/12/259128158_459231729094068_3030173871893759513_n-1536x1152.jpg 1536w, https://homestay.review/wp-content/uploads/2021/12/259128158_459231729094068_3030173871893759513_n-86x64.jpg 86w\" sizes=\"100vw\" width=\"2048\" height=\"1536\"></span></p><p style=\"margin-left:0px;text-align:justify;\"><span style=\"color:hsl(0, 0%, 0%);font-family:Arial, Helvetica, sans-serif;\">Phong cảnh sơn thủy hữu tình tại Thang Mây Villa thực sự làm con người say đắm.&nbsp;</span><a href=\"https://thehappystay.vn/rooms/41239#\"><span style=\"color:hsl(0, 0%, 0%);font-family:Arial, Helvetica, sans-serif;\">Thang Mây Village &amp; Resort</span></a><span style=\"color:hsl(0, 0%, 0%);font-family:Arial, Helvetica, sans-serif;\"> với phong cách kiến trúc độc đáo với nội thất gỗ tự nhiên và tre. Không gian mở hướng đến thiên nhiên, song vẫn toát lên vẻ hiện đại, ấn tượng. Người ở có cảm giác như đang ở một góc của Thụy Sĩ với view cực chất.&nbsp;</span></p><p style=\"margin-left:0px;text-align:justify;\"><span style=\"color:hsl(0, 0%, 0%);font-family:Arial, Helvetica, sans-serif;\"><img style=\"height:auto;\" src=\"https://homestay.review/wp-content/uploads/2021/12/247208358_4449144328535999_5187363940342126351_n.jpg\" alt=\"\" srcset=\"https://homestay.review/wp-content/uploads/2021/12/247208358_4449144328535999_5187363940342126351_n.jpg 1280w, https://homestay.review/wp-content/uploads/2021/12/247208358_4449144328535999_5187363940342126351_n-300x200.jpg 300w, https://homestay.review/wp-content/uploads/2021/12/247208358_4449144328535999_5187363940342126351_n-1024x682.jpg 1024w, https://homestay.review/wp-content/uploads/2021/12/247208358_4449144328535999_5187363940342126351_n-768x511.jpg 768w\" sizes=\"100vw\" width=\"1280\" height=\"852\"></span></p><p style=\"margin-left:0px;text-align:justify;\"><span style=\"color:hsl(0, 0%, 0%);font-family:Arial, Helvetica, sans-serif;\">Cả khu có bể bơi và không gian chung tổ chức sự kiện. Có thể tổ chức team building, party ngoài trời, đốt lửa trại, câu cá, chèo thuyền kayak giải trí,…</span></p><p style=\"margin-left:-5px;text-align:justify;\"><a href=\"https://homestay.review/thang-may-villa-resort-nguoi-ban-cua-binh-yen.html/261738239_10159579935939259_3637630834986385703_n\"><span style=\"color:hsl(0, 0%, 0%);font-family:Arial, Helvetica, sans-serif;\"><img style=\"height:auto !important;\" src=\"https://homestay.review/wp-content/uploads/2021/12/261738239_10159579935939259_3637630834986385703_n.jpg\" alt=\"\" srcset=\"https://homestay.review/wp-content/uploads/2021/12/261738239_10159579935939259_3637630834986385703_n.jpg 2048w, https://homestay.review/wp-content/uploads/2021/12/261738239_10159579935939259_3637630834986385703_n-300x200.jpg 300w, https://homestay.review/wp-content/uploads/2021/12/261738239_10159579935939259_3637630834986385703_n-1024x682.jpg 1024w, https://homestay.review/wp-content/uploads/2021/12/261738239_10159579935939259_3637630834986385703_n-768x512.jpg 768w, https://homestay.review/wp-content/uploads/2021/12/261738239_10159579935939259_3637630834986385703_n-1536x1023.jpg 1536w\" sizes=\"100vw\" width=\"2048\" height=\"1364\"></span></a></p><p style=\"margin-left:-5px;text-align:justify;\"><a href=\"https://homestay.review/thang-may-villa-resort-nguoi-ban-cua-binh-yen.html/256439847_463742688642972_8111521179464818638_n\"><span style=\"color:hsl(0, 0%, 0%);font-family:Arial, Helvetica, sans-serif;\"><img style=\"height:auto !important;\" src=\"https://homestay.review/wp-content/uploads/2021/12/256439847_463742688642972_8111521179464818638_n.jpg\" alt=\"\" srcset=\"https://homestay.review/wp-content/uploads/2021/12/256439847_463742688642972_8111521179464818638_n.jpg 2048w, https://homestay.review/wp-content/uploads/2021/12/256439847_463742688642972_8111521179464818638_n-300x225.jpg 300w, https://homestay.review/wp-content/uploads/2021/12/256439847_463742688642972_8111521179464818638_n-1024x768.jpg 1024w, https://homestay.review/wp-content/uploads/2021/12/256439847_463742688642972_8111521179464818638_n-768x576.jpg 768w, https://homestay.review/wp-content/uploads/2021/12/256439847_463742688642972_8111521179464818638_n-1536x1152.jpg 1536w, https://homestay.review/wp-content/uploads/2021/12/256439847_463742688642972_8111521179464818638_n-86x64.jpg 86w\" sizes=\"100vw\" width=\"2048\" height=\"1536\"></span></a></p><p style=\"margin-left:-5px;text-align:justify;\"><a href=\"https://homestay.review/thang-may-villa-resort-nguoi-ban-cua-binh-yen.html/250896178_450108280006413_8468300857048626963_n\"><span style=\"color:hsl(0, 0%, 0%);font-family:Arial, Helvetica, sans-serif;\"><img style=\"height:auto !important;\" src=\"https://homestay.review/wp-content/uploads/2021/12/250896178_450108280006413_8468300857048626963_n.jpg\" alt=\"\" srcset=\"https://homestay.review/wp-content/uploads/2021/12/250896178_450108280006413_8468300857048626963_n.jpg 2048w, https://homestay.review/wp-content/uploads/2021/12/250896178_450108280006413_8468300857048626963_n-300x225.jpg 300w, https://homestay.review/wp-content/uploads/2021/12/250896178_450108280006413_8468300857048626963_n-1024x768.jpg 1024w, https://homestay.review/wp-content/uploads/2021/12/250896178_450108280006413_8468300857048626963_n-768x576.jpg 768w, https://homestay.review/wp-content/uploads/2021/12/250896178_450108280006413_8468300857048626963_n-1536x1152.jpg 1536w, https://homestay.review/wp-content/uploads/2021/12/250896178_450108280006413_8468300857048626963_n-86x64.jpg 86w\" sizes=\"100vw\" width=\"2048\" height=\"1536\"></span></a></p><p style=\"margin-left:0px;text-align:justify;\"><span style=\"color:hsl(0, 0%, 0%);font-family:Arial, Helvetica, sans-serif;\">Sân thượng view toàn cảnh hồ và đảo Bản Xôi</span></p><p style=\"margin-left:0px;text-align:justify;\"><span style=\"color:hsl(0, 0%, 0%);font-family:Arial, Helvetica, sans-serif;\">Ngâm mình với tắm nằm thanh thiên, view sơn thủy hữu tình.</span></p><p style=\"margin-left:0px;text-align:justify;\"><span style=\"color:hsl(0, 0%, 0%);font-family:Arial, Helvetica, sans-serif;\">Thư giãn với bồn sục trang bị trong villa</span></p><p style=\"margin-left:0px;text-align:justify;\"><span style=\"color:hsl(0, 0%, 0%);font-family:Arial, Helvetica, sans-serif;\">01 phòng khách vừa mang nét cổ điển vừa mang nét hiện đại</span></p><p style=\"margin-left:0px;text-align:justify;\"><span style=\"color:hsl(0, 0%, 0%);font-family:Arial, Helvetica, sans-serif;\">1 căn bếp có bàn ăn, trang bị đầy đủ dụng cụ nấu nướng, tủ lạnh to đủ chứa cả thế giới nha ( Các bạn có thể thoải mái mang theo đồ ăn tự chuẩn bị ở nhà nhé! )</span></p><p style=\"margin-left:0px;text-align:justify;\"><span style=\"color:hsl(0, 0%, 0%);font-family:Arial, Helvetica, sans-serif;\">Bể bơi vô cực view hướng trọn thung lũng và hồ Bản Xôi</span></p><p style=\"margin-left:0px;text-align:justify;\"><span style=\"color:hsl(0, 0%, 0%);font-family:Arial, Helvetica, sans-serif;\">Gắn kết đồng đội tại Bản Xôi cùng Team Building, Gala, lửa trại, Karaoke, khu vực nướng BBQ ngoài trời, …&nbsp;</span></p><p style=\"margin-left:0px;text-align:justify;\"><span style=\"color:hsl(0, 0%, 0%);font-family:Arial, Helvetica, sans-serif;\">Quẳng gánh lo đi! Về </span><a href=\"https://thehappystay.vn/rooms/41239#\"><span style=\"color:hsl(0, 0%, 0%);font-family:Arial, Helvetica, sans-serif;\">Thang Mây Villa &amp; Resort Ba Vì</span></a><span style=\"color:hsl(0, 0%, 0%);font-family:Arial, Helvetica, sans-serif;\"> mà vui sống!&nbsp;</span></p><p style=\"margin-left:0px;text-align:justify;\"><span style=\"color:hsl(0, 0%, 0%);font-family:Arial, Helvetica, sans-serif;\">Đặt phòng giá tốt ngay </span><a href=\"https://thehappystay.vn/rooms/41239#\"><span style=\"color:hsl(0, 0%, 0%);font-family:Arial, Helvetica, sans-serif;\">tại đây!</span></a></p><p style=\"text-align:justify;\"><span style=\"color:hsl(0, 0%, 0%);font-family:Arial, Helvetica, sans-serif;\">Phụ phí khác tại Thang Mây Villa &amp; Resort:</span></p><ul><li style=\"text-align:justify;\"><span style=\"color:hsl(0, 0%, 0%);font-family:Arial, Helvetica, sans-serif;\">Bếp BBQ+3 kg than: 300.000 VND / bếp</span></li><li style=\"text-align:justify;\"><span style=\"color:hsl(0, 0%, 0%);font-family:Arial, Helvetica, sans-serif;\">Loa karaoke loa kéo: 300.000 VND/ loa</span></li><li style=\"text-align:justify;\"><span style=\"color:hsl(0, 0%, 0%);font-family:Arial, Helvetica, sans-serif;\">Vé vào khu vui chơi tại đảo Bản Xôi : 40.000 VND/ người/ vé</span></li><li style=\"text-align:justify;\"><span style=\"color:hsl(0, 0%, 0%);font-family:Arial, Helvetica, sans-serif;\">Chèo thuyền kayak: 100.000 VND/ thuyền (Mỗi thuyền tối đa 2 người)</span></li><li style=\"text-align:justify;\"><span style=\"color:hsl(0, 0%, 0%);font-family:Arial, Helvetica, sans-serif;\">Câu cá: 100.000 VND /cần (Lưu ý chỉ được phép câu cần đơn)</span></li></ul>', NULL, 3, 10, 1, '2024-01-04 15:19:44', '2024-01-04 15:19:44', 16),
(8, 'Tận Hưởng Không Gian Nghỉ Dưỡng Xanh Mát Tại Palm Hill Resort', 'tan-huong-khong-gian-nghi-duon', 'Nếu du khách muốn tìm cho mình một nơi nghỉ dưỡng đúng nghĩa cho chuyến du lịch Phú Quốc thì Palm Hill Resort chính là địa điểm dừng chân hoàn hảo dành cho bạn.', '<p style=\"margin-left:0px;text-align:justify;\"><span style=\"color:hsl(0, 0%, 0%);font-family:Arial, Helvetica, sans-serif;\">Địa chỉ: Tổ 3, ấp Ông Lang, Phú Quốc.</span></p><p style=\"text-align:justify;\"><span style=\"color:hsl(0, 0%, 0%);font-family:Arial, Helvetica, sans-serif;\"><img style=\"height:auto;\" src=\"https://homestay.review/wp-content/uploads/2020/03/241576517.jpg\" alt=\"Palm Hill Resort Phú Quốc\" srcset=\"https://homestay.review/wp-content/uploads/2020/03/241576517.jpg 1024w, https://homestay.review/wp-content/uploads/2020/03/241576517-300x200.jpg 300w, https://homestay.review/wp-content/uploads/2020/03/241576517-768x512.jpg 768w\" sizes=\"100vw\" width=\"1024\" height=\"683\"></span></p><p style=\"margin-left:0px;text-align:justify;\"><span style=\"color:hsl(0, 0%, 0%);font-family:Arial, Helvetica, sans-serif;\">Lấy cảm hứng trang trí từ thiên nhiên, Palm Hill được bao phủ bởi màu xanh của cây cỏ. Từ mỗi góc của nhà, du khách đều có thể thấy và tận hưởng cái màu xanh tươi mát ấy, màu xanh mà trong cuộc sống thường nhật không dễ gì thấy được.</span></p><p style=\"text-align:justify;\"><span style=\"color:hsl(0, 0%, 0%);font-family:Arial, Helvetica, sans-serif;\"><img style=\"height:auto;\" src=\"https://homestay.review/wp-content/uploads/2020/03/241461385.jpg\" alt=\"Palm Hill Resort Phú Quốc\" srcset=\"https://homestay.review/wp-content/uploads/2020/03/241461385.jpg 1024w, https://homestay.review/wp-content/uploads/2020/03/241461385-300x200.jpg 300w, https://homestay.review/wp-content/uploads/2020/03/241461385-768x512.jpg 768w\" sizes=\"100vw\" width=\"1024\" height=\"683\"></span></p><p style=\"margin-left:0px;text-align:justify;\"><span style=\"color:hsl(0, 0%, 0%);font-family:Arial, Helvetica, sans-serif;\">Palm Hill muốn đưa du khách trở về với môi trường thiên nhiên sau thời gian dài chung sống với những tòa cao ốc cùng ô nhiễm, khói bụi. Còn gì tuyệt hơn là sáng sớm thức dậy được hít thở không khí tươi mát từ cỏ cây cùng mùi nắng phải không nào?</span></p><p style=\"text-align:justify;\"><span style=\"color:hsl(0, 0%, 0%);font-family:Arial, Helvetica, sans-serif;\"><img style=\"height:auto;\" src=\"https://homestay.review/wp-content/uploads/2020/03/241576470.jpg\" alt=\"Palm Hill Resort Phú Quốc\" srcset=\"https://homestay.review/wp-content/uploads/2020/03/241576470.jpg 1024w, https://homestay.review/wp-content/uploads/2020/03/241576470-300x200.jpg 300w, https://homestay.review/wp-content/uploads/2020/03/241576470-768x512.jpg 768w\" sizes=\"100vw\" width=\"1024\" height=\"683\"></span></p><p style=\"margin-left:0px;text-align:justify;\"><span style=\"color:hsl(0, 0%, 0%);font-family:Arial, Helvetica, sans-serif;\">Bê bơi chính là một trong những điểm được du khách đánh giá rất cao. Bể bơi ngoài trời được giữ gìn sạch sẽ, nước trong vắt nhìn xuống được cả dưới đáy. Xung quanh bể cũng không thể thiếu những chiếc ghế tựa cùng ô che nắng để du khách tha hồ nghỉ ngơi thư giãn.</span></p><p style=\"text-align:justify;\"><span style=\"color:hsl(0, 0%, 0%);font-family:Arial, Helvetica, sans-serif;\"><img style=\"height:auto;\" src=\"https://homestay.review/wp-content/uploads/2020/03/241576507.jpg\" alt=\"Palm Hill Resort Phú Quốc\" srcset=\"https://homestay.review/wp-content/uploads/2020/03/241576507.jpg 1024w, https://homestay.review/wp-content/uploads/2020/03/241576507-300x200.jpg 300w, https://homestay.review/wp-content/uploads/2020/03/241576507-768x512.jpg 768w\" sizes=\"100vw\" width=\"1024\" height=\"683\"></span></p><p style=\"margin-left:0px;text-align:justify;\"><span style=\"color:hsl(0, 0%, 0%);font-family:Arial, Helvetica, sans-serif;\">Khu nhà ăn cùng những đầu bếp chuyên nghiệp sẽ phụ vụ du khách những bữa ăn tuyệt vời nhất. Bữa sáng Buffet với những món đặc sắc Âu – Á kết hợp tạo nên hương vị đậm đà cho khách thưởng thức vào mỗi sáng sớm.</span></p><p style=\"text-align:justify;\"><span style=\"color:hsl(0, 0%, 0%);font-family:Arial, Helvetica, sans-serif;\"><img style=\"height:auto;\" src=\"https://homestay.review/wp-content/uploads/2020/03/238241802.jpg\" alt=\"Palm Hill Resort Phú Quốc\" srcset=\"https://homestay.review/wp-content/uploads/2020/03/238241802.jpg 1024w, https://homestay.review/wp-content/uploads/2020/03/238241802-300x200.jpg 300w, https://homestay.review/wp-content/uploads/2020/03/238241802-768x512.jpg 768w\" sizes=\"100vw\" width=\"1024\" height=\"683\"></span></p><p style=\"margin-left:0px;text-align:justify;\"><span style=\"color:hsl(0, 0%, 0%);font-family:Arial, Helvetica, sans-serif;\">Mỗi góc ở nơi đây đều được thiết kế và xây dựng chỉ chu, tinh tế và có sự đầu tư vô cùng kĩ lưỡng. Du khách dễ dàng tì được cho mình những background đẹp và mang về những bức ảnh kỷ niệm.</span></p><p style=\"text-align:justify;\"><span style=\"color:hsl(0, 0%, 0%);font-family:Arial, Helvetica, sans-serif;\"><img style=\"height:auto;\" src=\"https://homestay.review/wp-content/uploads/2020/03/241449859.jpg\" alt=\"Palm Hill Resort Phú Quốc\" srcset=\"https://homestay.review/wp-content/uploads/2020/03/241449859.jpg 1024w, https://homestay.review/wp-content/uploads/2020/03/241449859-300x200.jpg 300w, https://homestay.review/wp-content/uploads/2020/03/241449859-768x512.jpg 768w\" sizes=\"100vw\" width=\"1024\" height=\"683\"></span></p><p style=\"margin-left:0px;text-align:justify;\"><span style=\"color:hsl(0, 0%, 0%);font-family:Arial, Helvetica, sans-serif;\">Palm Hill Resort cách bãi biển gần nhất chỉ 5 phút đi bộ. Nếu du khách muốn đi xe thì nhà có chuẩn bị xe điện đưa đón các bạn miễn phí vô cùng tiện lợi. Bên cạnh đó còn có xe đạp cho du khách mượn đi dạo xung quanh.</span></p><p style=\"text-align:justify;\"><span style=\"color:hsl(0, 0%, 0%);font-family:Arial, Helvetica, sans-serif;\"><img style=\"height:auto;\" src=\"https://homestay.review/wp-content/uploads/2020/03/241575563.jpg\" alt=\"Palm Hill Resort Phú Quốc\" srcset=\"https://homestay.review/wp-content/uploads/2020/03/241575563.jpg 1024w, https://homestay.review/wp-content/uploads/2020/03/241575563-300x200.jpg 300w, https://homestay.review/wp-content/uploads/2020/03/241575563-768x512.jpg 768w\" sizes=\"100vw\" width=\"1024\" height=\"683\"></span></p><p style=\"margin-left:0px;text-align:justify;\"><span style=\"color:hsl(0, 0%, 0%);font-family:Arial, Helvetica, sans-serif;\">Resort gồm các loại phòng:</span></p><ul><li style=\"text-align:justify;\"><span style=\"color:hsl(0, 0%, 0%);font-family:Arial, Helvetica, sans-serif;\"><strong>Triple bungalow garden view: </strong>4 khách</span></li><li style=\"text-align:justify;\"><span style=\"color:hsl(0, 0%, 0%);font-family:Arial, Helvetica, sans-serif;\"><strong>Double bungalow pool view: </strong>3 khách</span></li><li style=\"text-align:justify;\"><span style=\"color:hsl(0, 0%, 0%);font-family:Arial, Helvetica, sans-serif;\"><strong>Double bungalow garden view: </strong>3 khách</span></li><li style=\"text-align:justify;\"><span style=\"color:hsl(0, 0%, 0%);font-family:Arial, Helvetica, sans-serif;\"><strong>Deluxe family room garden view: </strong>6 khách</span></li><li style=\"text-align:justify;\"><span style=\"color:hsl(0, 0%, 0%);font-family:Arial, Helvetica, sans-serif;\"><strong>Deluxe triple room garden view: </strong>4 khách</span></li></ul><p style=\"text-align:justify;\"><span style=\"color:hsl(0, 0%, 0%);font-family:Arial, Helvetica, sans-serif;\"><img style=\"height:auto;\" src=\"https://homestay.review/wp-content/uploads/2020/03/241575746.jpg\" alt=\"Palm Hill Resort Phú Quốc\" srcset=\"https://homestay.review/wp-content/uploads/2020/03/241575746.jpg 1024w, https://homestay.review/wp-content/uploads/2020/03/241575746-300x200.jpg 300w, https://homestay.review/wp-content/uploads/2020/03/241575746-768x512.jpg 768w\" sizes=\"100vw\" width=\"1024\" height=\"683\"></span></p><p style=\"margin-left:0px;text-align:justify;\"><span style=\"color:hsl(0, 0%, 0%);font-family:Arial, Helvetica, sans-serif;\">Palm Hill Resort vô cùng đảm bảo sự riêng tư cho du khách. Mỗi căn nhà được xây biệt lập&nbsp; và có khoảng cách với nhau, mỗi nhà còn được xây cả một lối đi riêng từ con đường chính.</span></p><p style=\"text-align:justify;\"><span style=\"color:hsl(0, 0%, 0%);font-family:Arial, Helvetica, sans-serif;\"><img style=\"height:auto;\" src=\"https://homestay.review/wp-content/uploads/2020/03/238241822.jpg\" alt=\"Palm Hill Resort Phú Quốc\" srcset=\"https://homestay.review/wp-content/uploads/2020/03/238241822.jpg 1024w, https://homestay.review/wp-content/uploads/2020/03/238241822-300x200.jpg 300w, https://homestay.review/wp-content/uploads/2020/03/238241822-768x512.jpg 768w\" sizes=\"100vw\" width=\"1024\" height=\"683\"></span></p><p style=\"margin-left:0px;text-align:justify;\"><span style=\"color:hsl(0, 0%, 0%);font-family:Arial, Helvetica, sans-serif;\">Phòng ngủ được thiết kế mộc mạc, mang tông màu chủ đạo trắng nâu. Màu nâu của gỗ rất hòa hợp với phong cách tự nhiên mà cả resort hướng đến.</span></p><p style=\"text-align:justify;\"><span style=\"color:hsl(0, 0%, 0%);font-family:Arial, Helvetica, sans-serif;\"><img style=\"height:auto;\" src=\"https://homestay.review/wp-content/uploads/2020/03/241452948.jpg\" alt=\"Palm Hill Resort Phú Quốc\" srcset=\"https://homestay.review/wp-content/uploads/2020/03/241452948.jpg 1024w, https://homestay.review/wp-content/uploads/2020/03/241452948-300x200.jpg 300w, https://homestay.review/wp-content/uploads/2020/03/241452948-768x512.jpg 768w\" sizes=\"100vw\" width=\"1024\" height=\"683\"></span></p><p style=\"margin-left:0px;text-align:justify;\"><span style=\"color:hsl(0, 0%, 0%);font-family:Arial, Helvetica, sans-serif;\">Mỗi phòng đều có tivi, tủ quần áo và đồ đạc, tủ đựng giày dép, tủ lạnh, ấm siêu tốc,… và còn có cả một chiếc két nhỏ xinh để du khách cất những đồ có giá trị một cách an toàn. Phải nói là đầy đủ tiện nghi như một phòng khách sạn sang trọng.</span></p><p style=\"text-align:justify;\"><span style=\"color:hsl(0, 0%, 0%);font-family:Arial, Helvetica, sans-serif;\"><img style=\"height:auto;\" src=\"https://homestay.review/wp-content/uploads/2020/03/75572043_2746770308701678_650246276109041664_o.jpg\" alt=\"Palm Hill Resort Phú Quốc\" srcset=\"https://homestay.review/wp-content/uploads/2020/03/75572043_2746770308701678_650246276109041664_o.jpg 960w, https://homestay.review/wp-content/uploads/2020/03/75572043_2746770308701678_650246276109041664_o-300x200.jpg 300w, https://homestay.review/wp-content/uploads/2020/03/75572043_2746770308701678_650246276109041664_o-768x512.jpg 768w\" sizes=\"100vw\" width=\"960\" height=\"640\"></span></p><p style=\"margin-left:0px;text-align:justify;\"><span style=\"color:hsl(0, 0%, 0%);font-family:Arial, Helvetica, sans-serif;\">Mỗi căn đều có một nhà tắm riêng rất rộng rãi, các vật dụng cơ bản đã&nbsp; được nhân viên chuẩn bị kĩ lương và chu đáo.</span></p><p style=\"text-align:justify;\"><span style=\"color:hsl(0, 0%, 0%);font-family:Arial, Helvetica, sans-serif;\"><img style=\"height:auto;\" src=\"https://homestay.review/wp-content/uploads/2020/03/70538341_2746770075368368_2643018751066243072_o.jpg\" alt=\"Palm Hill Resort Phú Quốc\" srcset=\"https://homestay.review/wp-content/uploads/2020/03/70538341_2746770075368368_2643018751066243072_o.jpg 726w, https://homestay.review/wp-content/uploads/2020/03/70538341_2746770075368368_2643018751066243072_o-227x300.jpg 227w\" sizes=\"100vw\" width=\"726\" height=\"960\"></span></p><h3 style=\"text-align:justify;\"><span style=\"color:hsl(0, 0%, 0%);font-family:Arial, Helvetica, sans-serif;\"><strong>Ưu điểm:</strong></span></h3><ul><li style=\"text-align:justify;\"><span style=\"color:hsl(0, 0%, 0%);font-family:Arial, Helvetica, sans-serif;\">Không gian xanh mát, yên tĩnh, phù hợp để nghỉ dưỡng.</span></li><li style=\"text-align:justify;\"><span style=\"color:hsl(0, 0%, 0%);font-family:Arial, Helvetica, sans-serif;\">Nhân viên ân cần, nhiệt tình, phục vụ chu đáo.</span></li><li style=\"text-align:justify;\"><span style=\"color:hsl(0, 0%, 0%);font-family:Arial, Helvetica, sans-serif;\">Gần biển.</span></li><li style=\"text-align:justify;\"><span style=\"color:hsl(0, 0%, 0%);font-family:Arial, Helvetica, sans-serif;\">Nhiều dịch vụ tiện ích.</span></li></ul><h3 style=\"text-align:justify;\"><span style=\"color:hsl(0, 0%, 0%);font-family:Arial, Helvetica, sans-serif;\"><strong>Nhược điểm:</strong></span></h3><ul><li style=\"text-align:justify;\"><span style=\"color:hsl(0, 0%, 0%);font-family:Arial, Helvetica, sans-serif;\">Hơi xa trung tâm.</span></li></ul><p style=\"margin-left:0px;text-align:justify;\"><span style=\"color:hsl(0, 0%, 0%);font-family:Arial, Helvetica, sans-serif;\">Đó là những bật mí về Palm Hill Resort mà chúng mình muốn gửi gắm đến bạn. Hãy đến đây và có những trải nghiệm riêng cho mình nhé.</span></p><p style=\"margin-left:0px;text-align:justify;\"><span style=\"color:hsl(0, 0%, 0%);font-family:Arial, Helvetica, sans-serif;\">Đặt phòng: </span><a href=\"https://thehappystay.vn/vi/hosts/3229/?fbclid=IwAR1PI_P6uQM7pX1YIY9E83KjigirDf_d5teG3g8jbmbTARrpfPUuyEyrCXA\"><span style=\"color:hsl( 26, 91%, 59% );font-family:Arial, Helvetica, sans-serif;\">The happystay</span></a></p>', NULL, 3, 6, 1, '2024-01-04 15:19:44', '2024-01-04 15:19:44', 12);
INSERT INTO `posts` (`id`, `title`, `slug`, `desc`, `content`, `tags`, `category_id`, `admin_id`, `is_active`, `created_at`, `updated_at`, `view_count`) VALUES
(9, 'Những Bí Mật Tại Nobita Homestay Sóc Sơn Có Thể Bạn Chưa Biết', 'nhung-bi-mat-tai-nobita-homest', 'Hầu hết những người thích đi du lịch đều không thể bỏ lỡ Sóc Sơn – mảnh đất trong lành, đặc biệt có không ít cảnh đẹp, tha hồ check-in sống ảo. Vì vậy ở bài này, mình sẽ review về căn Nobita homestay Sóc Sơn, một căn nhà mà mình cực kỳ ấn tượng.', '<h3 style=\"text-align:justify;\"><span style=\"color:hsl(0, 0%, 0%);font-family:Arial, Helvetica, sans-serif;\"><strong>Nobita homestay Sóc Sơn, căn nhà đưa bạn trở về tuổi thơ&nbsp;</strong></span></h3><p style=\"margin-left:0px;text-align:justify;\"><span style=\"color:hsl(0, 0%, 0%);font-family:Arial, Helvetica, sans-serif;\">Nobita hay Doraemon không còn xa lạ gì với chúng ta nữa rồi. Tập truyện tranh nổi tiếng của Fujiko Fujio đã trở thành tuổi thơ của rất nhiều người. Trong đó có chủ nhà của </span><a href=\"https://thehappystay.vn/rooms/41324\"><span style=\"color:hsl(0, 0%, 0%);font-family:Arial, Helvetica, sans-serif;\">Nobita homestay</span></a><span style=\"color:hsl(0, 0%, 0%);font-family:Arial, Helvetica, sans-serif;\">, và cả mình nữa. Có lẽ đó cũng là lý do khiến </span><a href=\"https://thehappystay.vn/rooms/41324\"><span style=\"color:hsl(0, 0%, 0%);font-family:Arial, Helvetica, sans-serif;\">Nobita homestay</span></a><span style=\"color:hsl(0, 0%, 0%);font-family:Arial, Helvetica, sans-serif;\"> ra đời, tọa lạc tại hồ Hàm Lợn, thôn Thanh Hà, xã Nam Sơn, huyện Sóc Sơn, Hà Nội.</span></p><figure class=\"image\" style=\"height:auto;\"><img style=\"aspect-ratio:2048/1366;\" src=\"https://homestay.review/wp-content/uploads/2022/03/268301540_448209490047184_9208766693962474421_n.jpg\" alt=\"Homestay cho 16 người tại Sóc Sơn \" srcset=\"https://homestay.review/wp-content/uploads/2022/03/268301540_448209490047184_9208766693962474421_n.jpg 2048w, https://homestay.review/wp-content/uploads/2022/03/268301540_448209490047184_9208766693962474421_n-300x200.jpg 300w, https://homestay.review/wp-content/uploads/2022/03/268301540_448209490047184_9208766693962474421_n-1024x683.jpg 1024w, https://homestay.review/wp-content/uploads/2022/03/268301540_448209490047184_9208766693962474421_n-768x512.jpg 768w, https://homestay.review/wp-content/uploads/2022/03/268301540_448209490047184_9208766693962474421_n-1536x1025.jpg 1536w\" sizes=\"100vw\" width=\"2048\" height=\"1366\"></figure><p style=\"margin-left:0px;text-align:justify;\"><span style=\"color:hsl(0, 0%, 0%);font-family:Arial, Helvetica, sans-serif;\">Mình đánh giá đây là một trong những homestay thú vị nhất tại Sóc Sơn, với view hồ Hàm Lợn nổi tiếng và những bí mật hay ho:&nbsp;</span></p><p style=\"margin-left:0px;text-align:justify;\"><span style=\"color:hsl(0, 0%, 0%);font-family:Arial, Helvetica, sans-serif;\"><strong>1. Nhà tên là Nobita nhưng chủ yếu là gấu bông Doraemon&nbsp;</strong></span></p><figure class=\"image\" style=\"height:auto;\"><img style=\"aspect-ratio:720/960;\" src=\"https://homestay.review/wp-content/uploads/2022/03/270844611_731986577771989_8307506361473456046_n.jpg\" alt=\"Nobita Homestay tại Sóc Sơn \" srcset=\"https://homestay.review/wp-content/uploads/2022/03/270844611_731986577771989_8307506361473456046_n.jpg 720w, https://homestay.review/wp-content/uploads/2022/03/270844611_731986577771989_8307506361473456046_n-225x300.jpg 225w\" sizes=\"100vw\" width=\"720\" height=\"960\"></figure><p style=\"margin-left:0px;text-align:justify;\"><span style=\"color:hsl(0, 0%, 0%);font-family:Arial, Helvetica, sans-serif;\">Thực tế thì nhân vật chính của câu chuyện là Doraemon nên cũng không quá bất ngờ khi những bạn gấu bông hình chú mèo máy được trưng bày khắp nhà.&nbsp;</span></p><p style=\"margin-left:0px;text-align:justify;\"><span style=\"color:hsl(0, 0%, 0%);font-family:Arial, Helvetica, sans-serif;\">Lý do ngôi nhà này tên là </span><a href=\"https://thehappystay.vn/rooms/41324\"><span style=\"color:hsl(0, 0%, 0%);font-family:Arial, Helvetica, sans-serif;\">Nobita homestay</span></a><span style=\"color:hsl(0, 0%, 0%);font-family:Arial, Helvetica, sans-serif;\"> bởi vì đây chính là nhà của họ Nobi, còn chú mèo sợ chuột và thích ăn bánh rán ấy chính là người bạn thân thiết nhất của cậu bé. Dù là gì thì những hình ảnh và ký ức vẫn lại ùa về mỗi lần mình nhìn thấy căn nhà này.&nbsp;&nbsp;</span></p><p style=\"margin-left:0px;text-align:justify;\"><span style=\"color:hsl(0, 0%, 0%);font-family:Arial, Helvetica, sans-serif;\"><strong>2. Tầng hầm, nơi cất giữ những bí mật&nbsp;</strong></span></p><p style=\"margin-left:0px;text-align:justify;\"><span style=\"color:hsl(0, 0%, 0%);font-family:Arial, Helvetica, sans-serif;\"><img style=\"height:auto;\" src=\"https://homestay.review/wp-content/uploads/2022/03/261816677_435988291269304_8056005761027554245_n.jpg\" alt=\"Tầng hầm Nobita homestay \" srcset=\"https://homestay.review/wp-content/uploads/2022/03/261816677_435988291269304_8056005761027554245_n.jpg 2048w, https://homestay.review/wp-content/uploads/2022/03/261816677_435988291269304_8056005761027554245_n-300x225.jpg 300w, https://homestay.review/wp-content/uploads/2022/03/261816677_435988291269304_8056005761027554245_n-1024x768.jpg 1024w, https://homestay.review/wp-content/uploads/2022/03/261816677_435988291269304_8056005761027554245_n-768x576.jpg 768w, https://homestay.review/wp-content/uploads/2022/03/261816677_435988291269304_8056005761027554245_n-1536x1152.jpg 1536w, https://homestay.review/wp-content/uploads/2022/03/261816677_435988291269304_8056005761027554245_n-86x64.jpg 86w\" sizes=\"100vw\" width=\"2048\" height=\"1536\"></span></p><p style=\"margin-left:0px;text-align:justify;\"><span style=\"color:hsl(0, 0%, 0%);font-family:Arial, Helvetica, sans-serif;\">Tầng hầm nhà Nobita rộng khoảng 160m2, là không gian sinh hoạt chung cho tập thể. Ở đây có lò sưởi giúp sưởi ấm cái giá lạnh của mùa đông. Tưởng tượng cảm giác cả nhóm bạn ngồi quây quần bên nhau, rồi nướng ngô, khoai, trò chuyện, tán gẫu,… thì còn gì bằng.</span></p><figure class=\"image\" style=\"height:auto;\"><img style=\"aspect-ratio:2048/1536;\" src=\"https://homestay.review/wp-content/uploads/2022/03/261612996_435988227935977_6502252677761381415_n.jpg\" alt=\"Lò sưởi Nobita homestay \" srcset=\"https://homestay.review/wp-content/uploads/2022/03/261612996_435988227935977_6502252677761381415_n.jpg 2048w, https://homestay.review/wp-content/uploads/2022/03/261612996_435988227935977_6502252677761381415_n-300x225.jpg 300w, https://homestay.review/wp-content/uploads/2022/03/261612996_435988227935977_6502252677761381415_n-1024x768.jpg 1024w, https://homestay.review/wp-content/uploads/2022/03/261612996_435988227935977_6502252677761381415_n-768x576.jpg 768w, https://homestay.review/wp-content/uploads/2022/03/261612996_435988227935977_6502252677761381415_n-1536x1152.jpg 1536w, https://homestay.review/wp-content/uploads/2022/03/261612996_435988227935977_6502252677761381415_n-86x64.jpg 86w\" sizes=\"100vw\" width=\"2048\" height=\"1536\"></figure><p style=\"margin-left:0px;text-align:justify;\"><span style=\"color:hsl(0, 0%, 0%);font-family:Arial, Helvetica, sans-serif;\">Không những thế, dưới tầng hầm của </span><a href=\"https://thehappystay.vn/rooms/41324\"><span style=\"color:hsl(0, 0%, 0%);font-family:Arial, Helvetica, sans-serif;\">Nobita homestay</span></a><span style=\"color:hsl(0, 0%, 0%);font-family:Arial, Helvetica, sans-serif;\"> còn có sân khấu với dàn loa bluetooth chất lượng cao, chúng mình có thể tổ chức những buổi tiệc thân mật mà không sợ gây tiếng ồn cho hàng xóm. Điều mình thích nhất ở đây là vì nó là tầng hầm, nên khả năng cách âm tốt. Vì vậy bản thân mình cũng được tự tin thể hiện giọng hát trời phú mặc dù giọng hát “không cùng đẳng cấp” với những đứa bạn trong nhóm ấy mà.&nbsp;</span></p><p style=\"margin-left:0px;text-align:justify;\"><span style=\"color:hsl(0, 0%, 0%);font-family:Arial, Helvetica, sans-serif;\"><img style=\"height:auto;\" src=\"https://homestay.review/wp-content/uploads/2022/03/274804657_496717781863021_1366083955232230197_n.jpg\" alt=\"Tổ chức tiệc Nobita homestay \" srcset=\"https://homestay.review/wp-content/uploads/2022/03/274804657_496717781863021_1366083955232230197_n.jpg 1280w, https://homestay.review/wp-content/uploads/2022/03/274804657_496717781863021_1366083955232230197_n-300x214.jpg 300w, https://homestay.review/wp-content/uploads/2022/03/274804657_496717781863021_1366083955232230197_n-1024x731.jpg 1024w, https://homestay.review/wp-content/uploads/2022/03/274804657_496717781863021_1366083955232230197_n-768x548.jpg 768w\" sizes=\"100vw\" width=\"1280\" height=\"914\"></span></p><figure class=\"image\" style=\"height:auto;\"><img style=\"aspect-ratio:960/1280;\" src=\"https://homestay.review/wp-content/uploads/2022/03/272008073_467276471473819_2853009474518069784_n.jpg\" alt=\"\" srcset=\"https://homestay.review/wp-content/uploads/2022/03/272008073_467276471473819_2853009474518069784_n.jpg 960w, https://homestay.review/wp-content/uploads/2022/03/272008073_467276471473819_2853009474518069784_n-225x300.jpg 225w, https://homestay.review/wp-content/uploads/2022/03/272008073_467276471473819_2853009474518069784_n-768x1024.jpg 768w\" sizes=\"100vw\" width=\"960\" height=\"1280\"></figure><figure class=\"image\" style=\"height:auto;\"><img style=\"aspect-ratio:2048/1536;\" src=\"https://homestay.review/wp-content/uploads/2022/03/261772812_435988311269302_4394848622615049382_n.jpg\" alt=\"homestay có bàn bi lắc \" srcset=\"https://homestay.review/wp-content/uploads/2022/03/261772812_435988311269302_4394848622615049382_n.jpg 2048w, https://homestay.review/wp-content/uploads/2022/03/261772812_435988311269302_4394848622615049382_n-300x225.jpg 300w, https://homestay.review/wp-content/uploads/2022/03/261772812_435988311269302_4394848622615049382_n-1024x768.jpg 1024w, https://homestay.review/wp-content/uploads/2022/03/261772812_435988311269302_4394848622615049382_n-768x576.jpg 768w, https://homestay.review/wp-content/uploads/2022/03/261772812_435988311269302_4394848622615049382_n-1536x1152.jpg 1536w, https://homestay.review/wp-content/uploads/2022/03/261772812_435988311269302_4394848622615049382_n-86x64.jpg 86w\" sizes=\"100vw\" width=\"2048\" height=\"1536\"></figure><p style=\"margin-left:0px;text-align:justify;\"><span style=\"color:hsl(0, 0%, 0%);font-family:Arial, Helvetica, sans-serif;\">Bàn bi lắc, trò chơi thần thánh của các bạn trẻ cũng được chủ nhà </span><a href=\"https://thehappystay.vn/rooms/41324\"><span style=\"color:hsl(0, 0%, 0%);font-family:Arial, Helvetica, sans-serif;\">Nobita homestay</span></a><span style=\"color:hsl(0, 0%, 0%);font-family:Arial, Helvetica, sans-serif;\"> trang bị ở đây. Nếu ai đó nói chơi bi lắc không thú vị thì quả là một sai lầm đấy nhé. Ngoài ra căn bếp dưới tầng hầm đầy đủ bát đũa, dụng cụ nấu nướng. Vui chơi thỏa thích xong thì lên đồ vào bếp trổ tài nấu nướng cũng là một ý tưởng không tồi nhỉ?!</span></p><figure class=\"image\" style=\"height:auto;\"><img style=\"aspect-ratio:1033/1301;\" src=\"https://homestay.review/wp-content/uploads/2022/03/274890924_496718168529649_5435162440654617872_n.jpg\" alt=\"Nobita homestay hồ Hàm Lợn, Sóc Sơn \" srcset=\"https://homestay.review/wp-content/uploads/2022/03/274890924_496718168529649_5435162440654617872_n.jpg 1033w, https://homestay.review/wp-content/uploads/2022/03/274890924_496718168529649_5435162440654617872_n-238x300.jpg 238w, https://homestay.review/wp-content/uploads/2022/03/274890924_496718168529649_5435162440654617872_n-813x1024.jpg 813w, https://homestay.review/wp-content/uploads/2022/03/274890924_496718168529649_5435162440654617872_n-768x967.jpg 768w\" sizes=\"100vw\" width=\"1033\" height=\"1301\"></figure><p style=\"margin-left:0px;text-align:justify;\"><span style=\"color:hsl(0, 0%, 0%);font-family:Arial, Helvetica, sans-serif;\"><strong>3. Khu vui chơi ống cống huyền thoại&nbsp;</strong></span></p><figure class=\"image\" style=\"height:auto;\"><img style=\"aspect-ratio:2048/1536;\" src=\"https://homestay.review/wp-content/uploads/2022/03/274818596_496717965196336_2628737989623589617_n.jpg\" alt=\"Ống cống Nobita \" srcset=\"https://homestay.review/wp-content/uploads/2022/03/274818596_496717965196336_2628737989623589617_n.jpg 2048w, https://homestay.review/wp-content/uploads/2022/03/274818596_496717965196336_2628737989623589617_n-300x225.jpg 300w, https://homestay.review/wp-content/uploads/2022/03/274818596_496717965196336_2628737989623589617_n-1024x768.jpg 1024w, https://homestay.review/wp-content/uploads/2022/03/274818596_496717965196336_2628737989623589617_n-768x576.jpg 768w, https://homestay.review/wp-content/uploads/2022/03/274818596_496717965196336_2628737989623589617_n-1536x1152.jpg 1536w, https://homestay.review/wp-content/uploads/2022/03/274818596_496717965196336_2628737989623589617_n-86x64.jpg 86w\" sizes=\"100vw\" width=\"2048\" height=\"1536\"></figure><p style=\"margin-left:0px;text-align:justify;\"><span style=\"color:hsl(0, 0%, 0%);font-family:Arial, Helvetica, sans-serif;\">Có ai ấn tượng với khu vui chơi ống cống trong truyện Doraemon như mình không? Mỗi lần nghĩ đến đoạn này, trong đầu mình đều nảy ra hình ảnh của “ca sĩ” Chaien với chiếc gậy đánh bóng chày. Thiết nghĩ chủ nhà Homestay mà xây thêm khu vực đánh bóng chày trong khuôn viên cũng thú vị lắm đấy nhỉ.&nbsp;</span></p><figure class=\"image\" style=\"height:auto;\"><img style=\"aspect-ratio:960/640;\" src=\"https://homestay.review/wp-content/uploads/2022/03/262867232_441194594082007_4952788218932636549_n.jpg\" alt=\"\" srcset=\"https://homestay.review/wp-content/uploads/2022/03/262867232_441194594082007_4952788218932636549_n.jpg 960w, https://homestay.review/wp-content/uploads/2022/03/262867232_441194594082007_4952788218932636549_n-300x200.jpg 300w, https://homestay.review/wp-content/uploads/2022/03/262867232_441194594082007_4952788218932636549_n-768x512.jpg 768w\" sizes=\"100vw\" width=\"960\" height=\"640\"></figure><p style=\"margin-left:0px;text-align:justify;\"><span style=\"color:hsl(0, 0%, 0%);font-family:Arial, Helvetica, sans-serif;\">Nhìn vậy thôi chứ đây cũng là một trong số những địa điểm check-in hot nhất tại</span><a href=\"https://thehappystay.vn/rooms/41324\"><span style=\"color:hsl(0, 0%, 0%);font-family:Arial, Helvetica, sans-serif;\"> Nobita homestay</span></a><span style=\"color:hsl(0, 0%, 0%);font-family:Arial, Helvetica, sans-serif;\"> đấy. Nếu có dịp quay lại Sóc Sơn, chắc chắn mình sẽ làm cả trăm kiểu ảnh ở đây để về nhà ngắm dần.&nbsp;</span></p><figure class=\"image\" style=\"height:auto;\"><img style=\"aspect-ratio:2048/1536;\" src=\"https://homestay.review/wp-content/uploads/2022/03/274918622_496717805196352_4979344865781903199_n.jpg\" alt=\"\" srcset=\"https://homestay.review/wp-content/uploads/2022/03/274918622_496717805196352_4979344865781903199_n.jpg 2048w, https://homestay.review/wp-content/uploads/2022/03/274918622_496717805196352_4979344865781903199_n-300x225.jpg 300w, https://homestay.review/wp-content/uploads/2022/03/274918622_496717805196352_4979344865781903199_n-1024x768.jpg 1024w, https://homestay.review/wp-content/uploads/2022/03/274918622_496717805196352_4979344865781903199_n-768x576.jpg 768w, https://homestay.review/wp-content/uploads/2022/03/274918622_496717805196352_4979344865781903199_n-1536x1152.jpg 1536w, https://homestay.review/wp-content/uploads/2022/03/274918622_496717805196352_4979344865781903199_n-86x64.jpg 86w\" sizes=\"100vw\" width=\"2048\" height=\"1536\"></figure><p style=\"margin-left:0px;text-align:justify;\"><span style=\"color:hsl(0, 0%, 0%);font-family:Arial, Helvetica, sans-serif;\"><strong>4. Hỗ trợ nhận phòng sớm/ trả phòng muộn 1 tiếng free&nbsp;</strong></span></p><figure class=\"image\" style=\"height:auto;\"><img style=\"aspect-ratio:960/720;\" src=\"https://homestay.review/wp-content/uploads/2022/03/255626447_425549398979860_1026799291314882576_n.jpg\" alt=\"Nobita villa \" srcset=\"https://homestay.review/wp-content/uploads/2022/03/255626447_425549398979860_1026799291314882576_n.jpg 960w, https://homestay.review/wp-content/uploads/2022/03/255626447_425549398979860_1026799291314882576_n-300x225.jpg 300w, https://homestay.review/wp-content/uploads/2022/03/255626447_425549398979860_1026799291314882576_n-768x576.jpg 768w, https://homestay.review/wp-content/uploads/2022/03/255626447_425549398979860_1026799291314882576_n-86x64.jpg 86w\" sizes=\"100vw\" width=\"960\" height=\"720\"></figure><p style=\"margin-left:0px;text-align:justify;\"><a href=\"https://thehappystay.vn/rooms/41324\"><span style=\"color:hsl(0, 0%, 0%);font-family:Arial, Helvetica, sans-serif;\">Nobita homestay</span></a><span style=\"color:hsl(0, 0%, 0%);font-family:Arial, Helvetica, sans-serif;\"> cho phép du khách nhận/ trả phòng sớm hoặc muộn hơn so với quy định nếu như homestay đang trống. Vì vậy kinh nghiệm là chúng mình nên hỏi trước chủ nhà để có được một hành trình hợp lý. Nhiều khi trong đoàn có vấn đề gì thì vẫn được hỗ trợ một cách tốt nhất.&nbsp;</span></p><figure class=\"image\" style=\"height:auto;\"><img style=\"aspect-ratio:960/640;\" src=\"https://homestay.review/wp-content/uploads/2022/03/262016979_441194477415352_4228746937624928068_n.jpg\" alt=\"\" srcset=\"https://homestay.review/wp-content/uploads/2022/03/262016979_441194477415352_4228746937624928068_n.jpg 960w, https://homestay.review/wp-content/uploads/2022/03/262016979_441194477415352_4228746937624928068_n-300x200.jpg 300w, https://homestay.review/wp-content/uploads/2022/03/262016979_441194477415352_4228746937624928068_n-768x512.jpg 768w\" sizes=\"100vw\" width=\"960\" height=\"640\"></figure><figure class=\"image\" style=\"height:auto;\"><img style=\"aspect-ratio:2048/1536;\" src=\"https://homestay.review/wp-content/uploads/2022/03/274855580_496718045196328_338558572604457427_n.jpg\" alt=\"\" srcset=\"https://homestay.review/wp-content/uploads/2022/03/274855580_496718045196328_338558572604457427_n.jpg 2048w, https://homestay.review/wp-content/uploads/2022/03/274855580_496718045196328_338558572604457427_n-300x225.jpg 300w, https://homestay.review/wp-content/uploads/2022/03/274855580_496718045196328_338558572604457427_n-1024x768.jpg 1024w, https://homestay.review/wp-content/uploads/2022/03/274855580_496718045196328_338558572604457427_n-768x576.jpg 768w, https://homestay.review/wp-content/uploads/2022/03/274855580_496718045196328_338558572604457427_n-1536x1152.jpg 1536w, https://homestay.review/wp-content/uploads/2022/03/274855580_496718045196328_338558572604457427_n-86x64.jpg 86w\" sizes=\"100vw\" width=\"2048\" height=\"1536\"></figure><figure class=\"image\" style=\"height:auto;\"><img style=\"aspect-ratio:2048/1536;\" src=\"https://homestay.review/wp-content/uploads/2022/03/274874452_496718128529653_741922335562304007_n.jpg\" alt=\"\" srcset=\"https://homestay.review/wp-content/uploads/2022/03/274874452_496718128529653_741922335562304007_n.jpg 2048w, https://homestay.review/wp-content/uploads/2022/03/274874452_496718128529653_741922335562304007_n-300x225.jpg 300w, https://homestay.review/wp-content/uploads/2022/03/274874452_496718128529653_741922335562304007_n-1024x768.jpg 1024w, https://homestay.review/wp-content/uploads/2022/03/274874452_496718128529653_741922335562304007_n-768x576.jpg 768w, https://homestay.review/wp-content/uploads/2022/03/274874452_496718128529653_741922335562304007_n-1536x1152.jpg 1536w, https://homestay.review/wp-content/uploads/2022/03/274874452_496718128529653_741922335562304007_n-86x64.jpg 86w\" sizes=\"100vw\" width=\"2048\" height=\"1536\"></figure><p style=\"margin-left:0px;text-align:justify;\"><span style=\"color:hsl(0, 0%, 0%);font-family:Arial, Helvetica, sans-serif;\">Còn nếu không thì sao? Nếu không thì chúng ta vẫn check in, check out như quy định thôi. Bản thân mình trong mỗi chuyến đi đều chuẩn bị kỹ càng từ hôm trước, nên chỉ cần đi theo đúng lịch trình. Điều này cũng khiến cho chuyến đi của mình được thoải mái và ý nghĩa hơn, không phải lo các vấn đề phát sinh.&nbsp;</span></p><figure class=\"image\" style=\"height:auto;\"><img style=\"aspect-ratio:2048/1536;\" src=\"https://homestay.review/wp-content/uploads/2022/03/274886781_496717865196346_4730203735789767650_n.jpg\" alt=\"Check-in tại Sóc Sơn \" srcset=\"https://homestay.review/wp-content/uploads/2022/03/274886781_496717865196346_4730203735789767650_n.jpg 2048w, https://homestay.review/wp-content/uploads/2022/03/274886781_496717865196346_4730203735789767650_n-300x225.jpg 300w, https://homestay.review/wp-content/uploads/2022/03/274886781_496717865196346_4730203735789767650_n-1024x768.jpg 1024w, https://homestay.review/wp-content/uploads/2022/03/274886781_496717865196346_4730203735789767650_n-768x576.jpg 768w, https://homestay.review/wp-content/uploads/2022/03/274886781_496717865196346_4730203735789767650_n-1536x1152.jpg 1536w, https://homestay.review/wp-content/uploads/2022/03/274886781_496717865196346_4730203735789767650_n-86x64.jpg 86w\" sizes=\"100vw\" width=\"2048\" height=\"1536\"></figure><p style=\"margin-left:0px;text-align:justify;\"><span style=\"color:hsl(0, 0%, 0%);font-family:Arial, Helvetica, sans-serif;\"><strong>5. Có xe đưa đón 4-7 chỗ. Hỗ trợ đặt xe 16-30-45 chỗ</strong></span></p><p style=\"margin-left:0px;text-align:justify;\"><span style=\"color:hsl(0, 0%, 0%);font-family:Arial, Helvetica, sans-serif;\">À, hóa ra là có cả dịch vụ này nữa. Hồi trước mình đi xe máy, nên không để ý. Nếu đoàn của bạn có từ 4 – 45 người mà không có xe riêng, muốn đi chung thì nhờ chủ nhà hỗ trợ sẽ tiện hơn.&nbsp;</span></p><figure class=\"image\" style=\"height:auto;\"><img style=\"aspect-ratio:2048/1536;\" src=\"https://homestay.review/wp-content/uploads/2022/03/274784512_496717908529675_1057061721346807804_n.jpg\" alt=\"\" srcset=\"https://homestay.review/wp-content/uploads/2022/03/274784512_496717908529675_1057061721346807804_n.jpg 2048w, https://homestay.review/wp-content/uploads/2022/03/274784512_496717908529675_1057061721346807804_n-300x225.jpg 300w, https://homestay.review/wp-content/uploads/2022/03/274784512_496717908529675_1057061721346807804_n-1024x768.jpg 1024w, https://homestay.review/wp-content/uploads/2022/03/274784512_496717908529675_1057061721346807804_n-768x576.jpg 768w, https://homestay.review/wp-content/uploads/2022/03/274784512_496717908529675_1057061721346807804_n-1536x1152.jpg 1536w, https://homestay.review/wp-content/uploads/2022/03/274784512_496717908529675_1057061721346807804_n-86x64.jpg 86w\" sizes=\"100vw\" width=\"2048\" height=\"1536\"></figure><p style=\"margin-left:0px;text-align:justify;\"><span style=\"color:hsl(0, 0%, 0%);font-family:Arial, Helvetica, sans-serif;\">Khoảng cách từ trung tâm thành phố Hà Nội đến </span><a href=\"https://thehappystay.vn/rooms/41324\"><span style=\"color:hsl(0, 0%, 0%);font-family:Arial, Helvetica, sans-serif;\">Nobita homestay</span></a><span style=\"color:hsl(0, 0%, 0%);font-family:Arial, Helvetica, sans-serif;\"> khoảng 35 km. Thời gian mất khoảng 40 phút nên bạn có thể tập trung và bắt đầu di chuyển lúc 13 giờ.&nbsp;</span></p><p style=\"margin-left:0px;text-align:justify;\"><span style=\"color:hsl(0, 0%, 0%);font-family:Arial, Helvetica, sans-serif;\"><strong>6. Rất nhiều thứ miễn phí&nbsp;</strong></span></p><figure class=\"image\" style=\"height:auto;\"><img style=\"aspect-ratio:1280/854;\" src=\"https://homestay.review/wp-content/uploads/2022/03/268810559_449210676613732_6131287128491110147_n.jpg\" alt=\"\" srcset=\"https://homestay.review/wp-content/uploads/2022/03/268810559_449210676613732_6131287128491110147_n.jpg 1280w, https://homestay.review/wp-content/uploads/2022/03/268810559_449210676613732_6131287128491110147_n-300x200.jpg 300w, https://homestay.review/wp-content/uploads/2022/03/268810559_449210676613732_6131287128491110147_n-1024x683.jpg 1024w, https://homestay.review/wp-content/uploads/2022/03/268810559_449210676613732_6131287128491110147_n-768x512.jpg 768w\" sizes=\"100vw\" width=\"1280\" height=\"854\"></figure><p style=\"margin-left:0px;text-align:justify;\"><span style=\"color:hsl(0, 0%, 0%);font-family:Arial, Helvetica, sans-serif;\">Nhiều tiện ích tại </span><a href=\"https://thehappystay.vn/rooms/41324\"><span style=\"color:hsl(0, 0%, 0%);font-family:Arial, Helvetica, sans-serif;\">Nobita homestay</span></a><span style=\"color:hsl(0, 0%, 0%);font-family:Arial, Helvetica, sans-serif;\"> đều miễn phí đến bất ngờ. Có thể các bạn đã gặp rồi, nhưng đây là một trọng số những homestay ít ỏi mà mình thấy hỗ trợ khách nhiệt tình như vậy.&nbsp;</span></p>', NULL, 1, 12, 1, '2024-01-04 15:19:44', '2024-01-04 15:19:44', 15),
(10, 'Review Thung Ca Homestay Đà Lạt – Ngôi Nhà Thơ Mộng Bên Sườn Đồi', 'review-thung-ca-homestay-da-la', 'Cảm nhận cuộc sống đầy yên bình ở Đà Lạt tại Thung Ca Homestay. Ngắm nhìn thung lũng nhỏ, hoà bình cùng thiên nhiên, tận hưởng quãng thời gian nghỉ dưỡng an nhiên. Cùng Homestay Review ghé thăm homestay đặc biệt này nhé!', '<h2 style=\"text-align:justify;\"><span style=\"color:hsl(0, 0%, 0%);font-family:Arial, Helvetica, sans-serif;\"><strong>“Toạ độ” của Thung Ca Homestay Đà Lạt&nbsp;</strong></span></h2><p style=\"margin-left:0px;text-align:justify;\"><span style=\"color:hsl(0, 0%, 0%);font-family:Arial, Helvetica, sans-serif;\">Cách trung tâm thành phố chỉ khoảng 5 phút xe máy, Thung Ca nằm ngay gần bến xe Phương Trang vì vậy rất tiện cho việc di chuyển. Lưu trú ở đây bạn có thể dễ dàng đi tới trung tâm thành phố để vui chơi hay đi tham quan các điểm du lịch khác. Bạn tham khảo về dịch vụ </span><a href=\"https://homestay.review/thue-xe-may-da-lat.html\"><span style=\"color:hsl(0, 0%, 0%);font-family:Arial, Helvetica, sans-serif;\">thuê xe máy Đà Lạt uy tín</span></a></p><p style=\"margin-left:0px;text-align:justify;\"><span style=\"color:hsl(0, 0%, 0%);font-family:Arial, Helvetica, sans-serif;\"><img style=\"height:auto;\" src=\"https://homestay.review/wp-content/uploads/2021/05/thung-ca-homestay-phong-gac-doi-go-3-4-nguoi6281-300x200.jpeg\" alt=\"\" srcset=\"https://homestay.review/wp-content/uploads/2021/05/thung-ca-homestay-phong-gac-doi-go-3-4-nguoi6281-300x200.jpeg 300w, https://homestay.review/wp-content/uploads/2021/05/thung-ca-homestay-phong-gac-doi-go-3-4-nguoi6281-1024x683.jpeg 1024w, https://homestay.review/wp-content/uploads/2021/05/thung-ca-homestay-phong-gac-doi-go-3-4-nguoi6281-768x512.jpeg 768w, https://homestay.review/wp-content/uploads/2021/05/thung-ca-homestay-phong-gac-doi-go-3-4-nguoi6281.jpeg 1200w\" sizes=\"100vw\" width=\"776\" height=\"517\"></span></p><p style=\"margin-left:0px;text-align:justify;\"><span style=\"color:hsl(0, 0%, 0%);font-family:Arial, Helvetica, sans-serif;\">Khác với những căn homestay khác, Thung Ca nằm ở sườn một ngọn đồi thoai thoải. Đến với homestay có cảm giác như đang rời bỏ những xô bồ ngoài kia mà tìm đến một nơi cực kỳ yên tĩnh. Thung Ca homestay Đà Lạt có một mảnh vườn nhỏ với view hướng về phía thung lũng. Tận hưởng không khí trong lành nơi đây với một tách trà hay cà phê nóng cùng một bản nhạc du dương thì còn gì tuyệt bằng.&nbsp;</span></p><p style=\"margin-left:0px;text-align:justify;\"><span style=\"color:hsl(0, 0%, 0%);font-family:Arial, Helvetica, sans-serif;\"><img style=\"height:auto;\" src=\"https://homestay.review/wp-content/uploads/2021/05/thung-ca-homestay-phong-2-1-2nguoi6127-300x200.jpeg\" alt=\"\" srcset=\"https://homestay.review/wp-content/uploads/2021/05/thung-ca-homestay-phong-2-1-2nguoi6127-300x200.jpeg 300w, https://homestay.review/wp-content/uploads/2021/05/thung-ca-homestay-phong-2-1-2nguoi6127-1024x684.jpeg 1024w, https://homestay.review/wp-content/uploads/2021/05/thung-ca-homestay-phong-2-1-2nguoi6127-768x513.jpeg 768w, https://homestay.review/wp-content/uploads/2021/05/thung-ca-homestay-phong-2-1-2nguoi6127-1536x1026.jpeg 1536w, https://homestay.review/wp-content/uploads/2021/05/thung-ca-homestay-phong-2-1-2nguoi6127.jpeg 1833w\" sizes=\"100vw\" width=\"779\" height=\"519\"></span></p><p style=\"margin-left:0px;text-align:justify;\"><span style=\"color:hsl(0, 0%, 0%);font-family:Arial, Helvetica, sans-serif;\">Nếu bạn thực sự muốn nghỉ dưỡng ở một nơi yên bình, trải nghiệm thiên nhiên bốn mùa của Đà Lạt thì nhất định không thể bỏ qua Thung Ca.&nbsp;</span></p><h3 style=\"text-align:justify;\"><span style=\"color:hsl(0, 0%, 0%);font-family:Arial, Helvetica, sans-serif;\"><strong>Không gian và các loại phòng ở Thung Ca Homestay&nbsp;</strong></span></h3><p style=\"margin-left:0px;text-align:justify;\"><span style=\"color:hsl(0, 0%, 0%);font-family:Arial, Helvetica, sans-serif;\"><img style=\"height:auto;\" src=\"https://homestay.review/wp-content/uploads/2021/05/thung-ca-homestay-phong-gac-doi-go-3-4-nguoi681-300x284.jpeg\" alt=\"\" srcset=\"https://homestay.review/wp-content/uploads/2021/05/thung-ca-homestay-phong-gac-doi-go-3-4-nguoi681-300x284.jpeg 300w, https://homestay.review/wp-content/uploads/2021/05/thung-ca-homestay-phong-gac-doi-go-3-4-nguoi681-768x727.jpeg 768w, https://homestay.review/wp-content/uploads/2021/05/thung-ca-homestay-phong-gac-doi-go-3-4-nguoi681.jpeg 960w\" sizes=\"100vw\" width=\"779\" height=\"737\"></span></p><p style=\"margin-left:0px;text-align:justify;\"><span style=\"color:hsl(0, 0%, 0%);font-family:Arial, Helvetica, sans-serif;\">Các căn phòng đều được bài trí vô cùng tiện nghi, đảm bảo nhu cầu sinh hoạt cho các du khách.&nbsp;</span></p><p style=\"margin-left:0px;text-align:justify;\"><span style=\"color:hsl(0, 0%, 0%);font-family:Arial, Helvetica, sans-serif;\">Thung Ca homestay Đà Lạt có 4 phòng dành cho 2 người và 2 phòng lớn dành cho 3 – 4 người. Trong đó đều là các phòng đơn, phòng đôi hoặc phòng gác gỗ.&nbsp;</span></p><p style=\"margin-left:0px;text-align:justify;\"><span style=\"color:hsl(0, 0%, 0%);font-family:Arial, Helvetica, sans-serif;\"><img style=\"height:auto;\" src=\"https://homestay.review/wp-content/uploads/2021/05/thung-ca-homestay-phong-2-1-2nguoi6297-300x200.jpeg\" alt=\"\" srcset=\"https://homestay.review/wp-content/uploads/2021/05/thung-ca-homestay-phong-2-1-2nguoi6297-300x200.jpeg 300w, https://homestay.review/wp-content/uploads/2021/05/thung-ca-homestay-phong-2-1-2nguoi6297-1024x683.jpeg 1024w, https://homestay.review/wp-content/uploads/2021/05/thung-ca-homestay-phong-2-1-2nguoi6297-768x512.jpeg 768w, https://homestay.review/wp-content/uploads/2021/05/thung-ca-homestay-phong-2-1-2nguoi6297.jpeg 1200w\" sizes=\"100vw\" width=\"773\" height=\"515\"></span></p><p style=\"margin-left:0px;text-align:justify;\"><span style=\"color:hsl(0, 0%, 0%);font-family:Arial, Helvetica, sans-serif;\">Phòng khách tại homestay là không gian sinh hoạt chung cho các đoàn khách. Tại đây có cả phòng sách với rất nhiều cuốn sách hay được sắp xếp ngay ngắn trên kệ. Chủ homestay luôn trang trí phòng với nhiều loại hoa lá tươi tắn, đem đến sức sống cho cả căn phòng.&nbsp;</span></p><h4 style=\"text-align:justify;\"><span style=\"color:hsl(0, 0%, 0%);font-family:Arial, Helvetica, sans-serif;\"><strong>Phòng 2 người</strong></span></h4><p style=\"margin-left:0px;text-align:justify;\"><span style=\"color:hsl(0, 0%, 0%);font-family:Arial, Helvetica, sans-serif;\">Thung Ca Homestay Đà Lạt có các phòng dành cho 2 người được đặt theo chữ số đơn giản. Phòng 1, Phòng 2, Phòng 3 có thiết kế đơn giản với màu tường trắng nổi bật.&nbsp;</span></p><p style=\"margin-left:0px;text-align:justify;\"><span style=\"color:hsl(0, 0%, 0%);font-family:Arial, Helvetica, sans-serif;\"><img style=\"height:auto;\" src=\"https://homestay.review/wp-content/uploads/2021/05/thung-ca-homestay-phong-2-1-2nguoi607-300x200.jpeg\" alt=\"\" srcset=\"https://homestay.review/wp-content/uploads/2021/05/thung-ca-homestay-phong-2-1-2nguoi607-300x200.jpeg 300w, https://homestay.review/wp-content/uploads/2021/05/thung-ca-homestay-phong-2-1-2nguoi607-1024x683.jpeg 1024w, https://homestay.review/wp-content/uploads/2021/05/thung-ca-homestay-phong-2-1-2nguoi607-768x512.jpeg 768w, https://homestay.review/wp-content/uploads/2021/05/thung-ca-homestay-phong-2-1-2nguoi607-1536x1024.jpeg 1536w, https://homestay.review/wp-content/uploads/2021/05/thung-ca-homestay-phong-2-1-2nguoi607-2048x1365.jpeg 2048w\" sizes=\"100vw\" width=\"780\" height=\"520\"></span></p><p style=\"margin-left:0px;text-align:justify;\"><span style=\"color:hsl(0, 0%, 0%);font-family:Arial, Helvetica, sans-serif;\">Các vật dụng trong phòng đều toát lên một vẻ thân thiện, gần gũi hiếm có. Phòng có WC khép kín riêng, đầy đủ thiết bị tiện nghi.&nbsp;</span></p><p style=\"margin-left:0px;text-align:justify;\"><span style=\"color:hsl(0, 0%, 0%);font-family:Arial, Helvetica, sans-serif;\"><img style=\"height:auto;\" src=\"https://homestay.review/wp-content/uploads/2021/05/thung-ca-homestay-phong-1-1-2-nguoi6295-200x300.jpeg\" alt=\"\" srcset=\"https://homestay.review/wp-content/uploads/2021/05/thung-ca-homestay-phong-1-1-2-nguoi6295-200x300.jpeg 200w, https://homestay.review/wp-content/uploads/2021/05/thung-ca-homestay-phong-1-1-2-nguoi6295-683x1024.jpeg 683w, https://homestay.review/wp-content/uploads/2021/05/thung-ca-homestay-phong-1-1-2-nguoi6295-768x1152.jpeg 768w, https://homestay.review/wp-content/uploads/2021/05/thung-ca-homestay-phong-1-1-2-nguoi6295-1024x1536.jpeg 1024w, https://homestay.review/wp-content/uploads/2021/05/thung-ca-homestay-phong-1-1-2-nguoi6295-1365x2048.jpeg 1365w\" sizes=\"100vw\" width=\"779\" height=\"1169\"></span></p><p style=\"margin-left:0px;text-align:justify;\"><span style=\"color:hsl(0, 0%, 0%);font-family:Arial, Helvetica, sans-serif;\">Các phòng đều có cửa số ngắm cảnh ra thung vũng hay vườn cây. Không khí vô cùng trong lành và yên tĩnh.&nbsp;</span></p><h4 style=\"text-align:justify;\"><span style=\"color:hsl(0, 0%, 0%);font-family:Arial, Helvetica, sans-serif;\"><strong>Phòng 3 – 4 người</strong></span></h4><p style=\"margin-left:0px;text-align:justify;\"><span style=\"color:hsl(0, 0%, 0%);font-family:Arial, Helvetica, sans-serif;\">Với lợi thế 2 giường trong mỗi phòng, các phòng Double Room có sức chứa cho nhóm 3 – 4 người. Đây sẽ là sự lựa chọn hợp lý cho nhóm bạn hoặc gia đình nhỏ.</span></p><p style=\"margin-left:0px;text-align:justify;\"><span style=\"color:hsl(0, 0%, 0%);font-family:Arial, Helvetica, sans-serif;\"><img style=\"height:auto;\" src=\"https://homestay.review/wp-content/uploads/2021/05/thung-ca-homestay-phong-gac-doi-go-3-4-nguoi6237-300x200.jpeg\" alt=\"\" srcset=\"https://homestay.review/wp-content/uploads/2021/05/thung-ca-homestay-phong-gac-doi-go-3-4-nguoi6237-300x200.jpeg 300w, https://homestay.review/wp-content/uploads/2021/05/thung-ca-homestay-phong-gac-doi-go-3-4-nguoi6237-1024x683.jpeg 1024w, https://homestay.review/wp-content/uploads/2021/05/thung-ca-homestay-phong-gac-doi-go-3-4-nguoi6237-768x512.jpeg 768w, https://homestay.review/wp-content/uploads/2021/05/thung-ca-homestay-phong-gac-doi-go-3-4-nguoi6237.jpeg 1200w\" sizes=\"100vw\" width=\"780\" height=\"520\"></span></p><p style=\"margin-left:0px;text-align:justify;\"><span style=\"color:hsl(0, 0%, 0%);font-family:Arial, Helvetica, sans-serif;\">Phòng có gối đệm êm ái cùng với view ngắm cảnh tuyệt đẹp. Đặc biệt với nhóm khách tự đi xe tới thì homestay cũng có khu vực để xe riêng miễn phí.&nbsp;</span></p><h4 style=\"text-align:justify;\"><span style=\"color:hsl(0, 0%, 0%);font-family:Arial, Helvetica, sans-serif;\"><strong>Tiện ích tại Thung Ca Homestay Đà Lạt&nbsp;</strong></span></h4><p style=\"margin-left:0px;text-align:justify;\"><span style=\"color:hsl(0, 0%, 0%);font-family:Arial, Helvetica, sans-serif;\">Các khu vực sinh hoạt và sử dụng chung tại Thung Ca khá rộng rãi. Khu vực nướng BBQ với view thung lũng được trang trí đèn đóm lung linh.&nbsp;</span></p><p style=\"margin-left:0px;text-align:justify;\"><span style=\"color:hsl(0, 0%, 0%);font-family:Arial, Helvetica, sans-serif;\"><img style=\"height:auto;\" src=\"https://homestay.review/wp-content/uploads/2021/05/thung-ca-homestay-phong-2-1-2nguoi6257-300x200.jpeg\" alt=\"\" srcset=\"https://homestay.review/wp-content/uploads/2021/05/thung-ca-homestay-phong-2-1-2nguoi6257-300x200.jpeg 300w, https://homestay.review/wp-content/uploads/2021/05/thung-ca-homestay-phong-2-1-2nguoi6257-1024x683.jpeg 1024w, https://homestay.review/wp-content/uploads/2021/05/thung-ca-homestay-phong-2-1-2nguoi6257-768x512.jpeg 768w, https://homestay.review/wp-content/uploads/2021/05/thung-ca-homestay-phong-2-1-2nguoi6257.jpeg 1200w\" sizes=\"100vw\" width=\"776\" height=\"517\"></span></p><p style=\"margin-left:0px;text-align:justify;\"><span style=\"color:hsl(0, 0%, 0%);font-family:Arial, Helvetica, sans-serif;\">Buổi tối khách tại homestay thường giao lưu tiệc nướng, ca hát, trò chuyện và ngắm cảnh cùng nhau.&nbsp;</span></p><p style=\"margin-left:0px;text-align:justify;\"><span style=\"color:hsl(0, 0%, 0%);font-family:Arial, Helvetica, sans-serif;\"><img style=\"height:auto;\" src=\"https://homestay.review/wp-content/uploads/2021/05/thung-ca-homestay-phong-2-1-2nguoi6227-200x300.jpeg\" alt=\"\" srcset=\"https://homestay.review/wp-content/uploads/2021/05/thung-ca-homestay-phong-2-1-2nguoi6227-200x300.jpeg 200w, https://homestay.review/wp-content/uploads/2021/05/thung-ca-homestay-phong-2-1-2nguoi6227-683x1024.jpeg 683w, https://homestay.review/wp-content/uploads/2021/05/thung-ca-homestay-phong-2-1-2nguoi6227-768x1152.jpeg 768w, https://homestay.review/wp-content/uploads/2021/05/thung-ca-homestay-phong-2-1-2nguoi6227.jpeg 800w\" sizes=\"100vw\" width=\"780\" height=\"1170\"></span></p><p style=\"margin-left:0px;text-align:justify;\"><span style=\"color:hsl(0, 0%, 0%);font-family:Arial, Helvetica, sans-serif;\">Phòng sách với những ô cửa, khu bàn ghế đọc sách vô cùng hợp để sống ảo. Khuôn viên ngoài trời với view thung lũng cũng rất hợp để “ngốn pin” điện thoại của bạn.&nbsp;</span></p><p style=\"margin-left:0px;text-align:justify;\"><span style=\"color:hsl(0, 0%, 0%);font-family:Arial, Helvetica, sans-serif;\"><img style=\"height:auto;\" src=\"https://homestay.review/wp-content/uploads/2021/05/thung-ca-homestay-phong-2-1-2nguoi6265-200x300.jpeg\" alt=\"\" srcset=\"https://homestay.review/wp-content/uploads/2021/05/thung-ca-homestay-phong-2-1-2nguoi6265-200x300.jpeg 200w, https://homestay.review/wp-content/uploads/2021/05/thung-ca-homestay-phong-2-1-2nguoi6265-683x1024.jpeg 683w, https://homestay.review/wp-content/uploads/2021/05/thung-ca-homestay-phong-2-1-2nguoi6265-768x1152.jpeg 768w, https://homestay.review/wp-content/uploads/2021/05/thung-ca-homestay-phong-2-1-2nguoi6265.jpeg 800w\" sizes=\"100vw\" width=\"778\" height=\"1167\"></span></p><p style=\"margin-left:0px;text-align:justify;\"><span style=\"color:hsl(0, 0%, 0%);font-family:Arial, Helvetica, sans-serif;\">Thung Ca có cung cấp dịch vụ nấu ăn cho du khách. Chỉ cần bạn order trước tối thiểu 4 tiếng là đã có thể thưởng thức một bữa ăn ngon đậm chất dân Đà Lạt rồi.&nbsp;</span></p><p style=\"margin-left:0px;text-align:justify;\"><span style=\"color:hsl(0, 0%, 0%);font-family:Arial, Helvetica, sans-serif;\">Ngoài ra, du khách cũng có thể tự chuẩn bị đồ ăn tại khu bếp của homestay.</span></p><p style=\"margin-left:0px;text-align:justify;\"><span style=\"color:hsl(0, 0%, 0%);font-family:Arial, Helvetica, sans-serif;\">Thung Ca sẽ hỗ trợ giúp các bạn book xe máy để di chuyển nếu khách có nhu cầu.&nbsp;</span></p><p style=\"margin-left:0px;text-align:justify;\"><span style=\"color:hsl(0, 0%, 0%);font-family:Arial, Helvetica, sans-serif;\"><img style=\"height:auto;\" src=\"https://homestay.review/wp-content/uploads/2021/05/thung-ca-homestay-phong-2-1-2nguoi647-300x199.jpeg\" alt=\"\" srcset=\"https://homestay.review/wp-content/uploads/2021/05/thung-ca-homestay-phong-2-1-2nguoi647-300x199.jpeg 300w, https://homestay.review/wp-content/uploads/2021/05/thung-ca-homestay-phong-2-1-2nguoi647-1024x681.jpeg 1024w, https://homestay.review/wp-content/uploads/2021/05/thung-ca-homestay-phong-2-1-2nguoi647-768x510.jpeg 768w, https://homestay.review/wp-content/uploads/2021/05/thung-ca-homestay-phong-2-1-2nguoi647-1536x1021.jpeg 1536w, https://homestay.review/wp-content/uploads/2021/05/thung-ca-homestay-phong-2-1-2nguoi647.jpeg 1840w\" sizes=\"100vw\" width=\"776\" height=\"515\"></span></p><p style=\"margin-left:0px;text-align:justify;\"><span style=\"color:hsl(0, 0%, 0%);font-family:Arial, Helvetica, sans-serif;\">Thung Ca luôn có sẵn các loại bánh kẹo và nước lọc miễn phí cho du khách. Vườn cây ăn quả đặc biệt là những cây hồng to trong vườn luôn sẵn sàng đợi chờ mọi người thưởng thức.&nbsp;</span></p><h3 style=\"text-align:justify;\"><span style=\"color:hsl(0, 0%, 0%);font-family:Arial, Helvetica, sans-serif;\"><strong>Cảm nhận của du khách từng về Thung Ca Homestay Đà Lạt&nbsp;</strong></span></h3><p style=\"margin-left:0px;text-align:justify;\"><span style=\"color:hsl(0, 0%, 0%);font-family:Arial, Helvetica, sans-serif;\">Cảm giác đến Thung Ca Homestay Đà Lạt, bạn sẽ được trải nghiệm một cuộc sống vô cùng thư thái. Đầy tận hưởng, êm dịu như một bài thơ.&nbsp;</span></p><p style=\"margin-left:0px;text-align:justify;\"><span style=\"color:hsl(0, 0%, 0%);font-family:Arial, Helvetica, sans-serif;\">Ban Th Nguyen chia sẻ: “Ngoài 1000 góc để sống ảo dưới khu vườn mênh mông thì còn 100 góc để ngồi chill cùng bạn bè từ sáng sớm ngắm bình minh đến chiều tà ngắm hoàng hôn nữa. Home xịn sò để tụ tập bạn bè đàn hát ăn nhậu :))) nhất là rượu của chủ home hơi bị ngonnnn”&nbsp;</span></p><p style=\"margin-left:0px;text-align:justify;\"><span style=\"color:hsl(0, 0%, 0%);font-family:Arial, Helvetica, sans-serif;\">“Một chiếc homestay xinh xẻo nằm ở thung lũng, có một con dốc nội bộ để di chuyển xuống, đi hơi mệt nhưng khung cảnh xung quanh chill phết. Ở đây có nguyên khu vườn trồng hồng, ổi,…, mình tới mùa hồng chín nhìn thích lắm. Bạn nào muốn có trải nghiệm thiên nhiên ở Đà Lạt thì nên đi thử nè, tối tối hoặc sáng sớm nhâm nhi sữa nóng nóng bật nhạc của Cá Hồi Hoang hoặc Chillies là thấy yên bình đến lạ.” Bạn Ngọc Thuý cho biết.</span></p><p style=\"margin-left:0px;text-align:justify;\"><span style=\"color:hsl(0, 0%, 0%);font-family:Arial, Helvetica, sans-serif;\">Chắc hẳn sẽ có rất nhiều người khao khát được trải nghiệm cuộc sống êm đềm tại Đà Lạt khi mỗi sáng thức dậy được ngắm nhìn đồi núi bạt ngàn.&nbsp;</span></p><p style=\"margin-left:0px;text-align:justify;\"><span style=\"color:hsl(0, 0%, 0%);font-family:Arial, Helvetica, sans-serif;\">Nếu có cơ hội ghé Đà Lạt đừng quên ghé thử Thung Ca Homestay để khám phá bạn nhé!</span></p><p style=\"margin-left:0px;text-align:justify;\"><span style=\"color:hsl(0, 0%, 0%);font-family:Arial, Helvetica, sans-serif;\"><i><strong>Địa chỉ: 39/3 Đặng Thái Thân, Phường 3 Đà Lạt, Lâm Đồng</strong></i></span></p>', 'homestay Đà Lạt,đồi,Thung Ca', 1, 12, 1, '2024-01-04 15:19:44', '2024-01-04 15:46:23', 23);
INSERT INTO `posts` (`id`, `title`, `slug`, `desc`, `content`, `tags`, `category_id`, `admin_id`, `is_active`, `created_at`, `updated_at`, `view_count`) VALUES
(11, 'Hygge Homestay: Khu Nhà Phù Hợp Để Tổ Chức Đám Cưới', 'hygge-homestay-khu-nha-phu-ho', 'Hygge Homestay là khu vườn nhiều cây rộng 400m2 ngay mặt đường Âu Cơ, gồm 3 ngôi nhà vô cùng đặc biệt và xinh đẹp là Stone house, Tree house và LaLa house.', '<p style=\"margin-left:0px;text-align:justify;\"><span style=\"color:hsl(0, 0%, 0%);font-family:Arial, Helvetica, sans-serif;\">Có phải bạn đang tìm một homestay để tổ chức đám cưới, sự kiện?&nbsp;Bạn đang muốn tìm một căn nhà nghỉ ngay gần Hồ Tây?&nbsp;Bạn thích cảm giác gần gũi, giản dị nhưng hiện đại, không gian tối giản? Bạn muốn được ở trong một căn nhà giữa lòng thành phố nhưng có những nét kiến trúc gần gũi với thiên nhiên?</span></p><p style=\"margin-left:0px;text-align:justify;\"><span style=\"color:hsl(0, 0%, 0%);font-family:Arial, Helvetica, sans-serif;\">Đừng tìm nữa! Hãy dừng tại đây, vì thứ bạn cần đang hiện ra trước mắt. Hygge House chính là món quà dành tặng cho bạn đấy!&nbsp;</span></p><h3 style=\"text-align:justify;\"><span style=\"color:hsl(0, 0%, 0%);font-family:Arial, Helvetica, sans-serif;\"><strong>1. Stone House – Hygge Homestay</strong></span></h3><p style=\"margin-left:0px;text-align:justify;\"><span style=\"color:hsl(0, 0%, 0%);font-family:Arial, Helvetica, sans-serif;\">Căn nhà được xây dựng bằng đá núi đầu tiên tại Hà Nội. Không chỉ đem lại vẻ ngoài vô cùng độc đáo, đá núi còn giúp căn nhà luôn giữ được nhiệt độ ấm áp vào mùa đông và mát mẻ vào mùa hè.</span></p><p style=\"text-align:justify;\"><span style=\"color:hsl(0, 0%, 0%);font-family:Arial, Helvetica, sans-serif;\"><img style=\"height:auto;\" src=\"https://homestay.review/wp-content/uploads/2021/12/82461918_2555016068049812_7835431489473871872_n.jpg\" alt=\"Stone house \" srcset=\"https://homestay.review/wp-content/uploads/2021/12/82461918_2555016068049812_7835431489473871872_n.jpg 2048w, https://homestay.review/wp-content/uploads/2021/12/82461918_2555016068049812_7835431489473871872_n-300x225.jpg 300w, https://homestay.review/wp-content/uploads/2021/12/82461918_2555016068049812_7835431489473871872_n-1024x768.jpg 1024w, https://homestay.review/wp-content/uploads/2021/12/82461918_2555016068049812_7835431489473871872_n-768x576.jpg 768w, https://homestay.review/wp-content/uploads/2021/12/82461918_2555016068049812_7835431489473871872_n-1536x1152.jpg 1536w, https://homestay.review/wp-content/uploads/2021/12/82461918_2555016068049812_7835431489473871872_n-86x64.jpg 86w\" sizes=\"100vw\" width=\"2048\" height=\"1536\"></span></p><p style=\"text-align:justify;\"><span style=\"color:hsl(0, 0%, 0%);font-family:Arial, Helvetica, sans-serif;\"><i>Căn nhà làm bằng đá giữ ấm vào mùa đông và làm mát vào mùa hè</i></span></p><p style=\"margin-left:0px;text-align:justify;\"><span style=\"color:hsl(0, 0%, 0%);font-family:Arial, Helvetica, sans-serif;\">Stone House được bài trí theo phong cách Scandinavia lấy cảm hứng từ vùng Bắc Âu với 2 tông màu chủ đạo nâu và trắng. Từ xuất xứ của phong cách này, bạn cũng phần nào đoán ra được tinh thần mà nó có thể mang lại: Chất hoang dã và thô mộc; Sự tinh tế và trong trẻo; Gọn gàng và tối giản. Đó cũng chính là điều Hygge Homestay muốn đem tới cho Stone House.</span></p><p style=\"margin-left:0px;text-align:justify;\"><span style=\"color:hsl(0, 0%, 0%);font-family:Arial, Helvetica, sans-serif;\"><img style=\"height:auto;\" src=\"https://homestay.review/wp-content/uploads/2021/12/48369070_2268051603412928_663260675555983360_n.jpg\" alt=\"Stone house \" srcset=\"https://homestay.review/wp-content/uploads/2021/12/48369070_2268051603412928_663260675555983360_n.jpg 2048w, https://homestay.review/wp-content/uploads/2021/12/48369070_2268051603412928_663260675555983360_n-300x208.jpg 300w, https://homestay.review/wp-content/uploads/2021/12/48369070_2268051603412928_663260675555983360_n-1024x710.jpg 1024w, https://homestay.review/wp-content/uploads/2021/12/48369070_2268051603412928_663260675555983360_n-768x532.jpg 768w, https://homestay.review/wp-content/uploads/2021/12/48369070_2268051603412928_663260675555983360_n-1536x1064.jpg 1536w\" sizes=\"100vw\" width=\"2048\" height=\"1419\"></span></p><p style=\"margin-left:0px;text-align:justify;\"><span style=\"color:hsl(0, 0%, 0%);font-family:Arial, Helvetica, sans-serif;\">Căn nhà có tổng diện tích là 37m2. Bao gồm 01 phòng khách, 01 bếp đầy đủ dụng cụ, 01 phòng ngủ riêng và 01 nhà vệ sinh. Không gian ngủ tạo cảm giác ấm cúng, có 01 giường Queen, 01 sofa giường 1.5x2m, có thể kê thêm đệm hơi (nếu cần). Khu vực vườn dùng chung cho cả 3 nhà. Bếp, quầy bar, BBQ, khu ăn uống, vườn, đỗ xe,… đều được phục vụ miễn phí.&nbsp;</span></p><p style=\"margin-left:0px;text-align:justify;\"><span style=\"color:hsl(0, 0%, 0%);font-family:Arial, Helvetica, sans-serif;\"><img style=\"height:auto;\" src=\"https://homestay.review/wp-content/uploads/2021/12/48375084_2268051703412918_5132257473704493056_n.jpg\" alt=\"Nhà vệ sinh cũng mang phong cách độc đáo bởi đá núi và tone màu nâu - trắng.\" srcset=\"https://homestay.review/wp-content/uploads/2021/12/48375084_2268051703412918_5132257473704493056_n.jpg 1536w, https://homestay.review/wp-content/uploads/2021/12/48375084_2268051703412918_5132257473704493056_n-225x300.jpg 225w, https://homestay.review/wp-content/uploads/2021/12/48375084_2268051703412918_5132257473704493056_n-768x1024.jpg 768w, https://homestay.review/wp-content/uploads/2021/12/48375084_2268051703412918_5132257473704493056_n-1152x1536.jpg 1152w\" sizes=\"100vw\" width=\"1536\" height=\"2048\"></span></p><h3 style=\"text-align:justify;\"><span style=\"color:hsl(0, 0%, 0%);font-family:Arial, Helvetica, sans-serif;\"><strong>2. Lala House – Hygge Homestay</strong></span></h3><p style=\"margin-left:0px;text-align:justify;\"><span style=\"color:hsl(0, 0%, 0%);font-family:Arial, Helvetica, sans-serif;\">Lấy cảm hứng màu sắc từ bộ phim LaLa Land, LaLa House ra đời với thiết kế và decor độc đáo theo phong cách kiến trúc Morden Victorian.</span></p><p style=\"margin-left:0px;text-align:justify;\"><span style=\"color:hsl(0, 0%, 0%);font-family:Arial, Helvetica, sans-serif;\">Đã từng có thời kỳ, phong cách thiết kế nội thất Victorian là biểu tượng của sự giàu có, cao sang, chỉ dành cho tầng lớp hoàng gia quý tộc. Trải qua thời gian, phong cách này đã trở nên dung dị hơn, với hơi thở hiện đại đem đến sự mới mẻ, sang trọng, tiện nghi cho người ở.&nbsp;</span></p><p style=\"text-align:justify;\"><span style=\"color:hsl(0, 0%, 0%);font-family:Arial, Helvetica, sans-serif;\"><img style=\"height:auto;\" src=\"https://homestay.review/wp-content/uploads/2021/12/241206879_3119526571598756_1243145658553360994_n-1.jpg\" alt=\"\" srcset=\"https://homestay.review/wp-content/uploads/2021/12/241206879_3119526571598756_1243145658553360994_n-1.jpg 2048w, https://homestay.review/wp-content/uploads/2021/12/241206879_3119526571598756_1243145658553360994_n-1-300x200.jpg 300w, https://homestay.review/wp-content/uploads/2021/12/241206879_3119526571598756_1243145658553360994_n-1-1024x683.jpg 1024w, https://homestay.review/wp-content/uploads/2021/12/241206879_3119526571598756_1243145658553360994_n-1-768x512.jpg 768w, https://homestay.review/wp-content/uploads/2021/12/241206879_3119526571598756_1243145658553360994_n-1-1536x1024.jpg 1536w\" sizes=\"100vw\" width=\"2048\" height=\"1365\"></span></p><p style=\"margin-left:0px;text-align:justify;\"><span style=\"color:hsl(0, 0%, 0%);font-family:Arial, Helvetica, sans-serif;\">Đặc biệt, LaLa House có một khoảng hiên nhỏ xinh riêng biệt, giúp bạn có những phút giây thư giãn và riêng tư bên bạn bè và người thân.</span></p><p style=\"margin-left:0px;text-align:justify;\"><span style=\"color:hsl(0, 0%, 0%);font-family:Arial, Helvetica, sans-serif;\">LaLa House thuộc khuôn viên Hygge Homestay – Khu rừng nhỏ giữa lòng Hà Nội. Bước vào Hygge Homestay dường như mọi ồn ào phố thị bị bỏ lại phía sau. Không gian cực kì lý tưởng cho những ai muốn tìm một nơi thư giãn và yên tĩnh giữa lòng thủ đô. Bạn sẽ có được một ngày nghỉ ngơi hoàn toàn thư giãn và hạnh phúc bên bạn bè.&nbsp;</span></p><p style=\"margin-left:0px;text-align:justify;\"><span style=\"color:hsl(0, 0%, 0%);font-family:Arial, Helvetica, sans-serif;\">Tổng diện tích nhà Lala là 25m2, nhỏ hơn nhà Stone. Nhưng cũng chính vì thế mà nó tạo ra một không gian ấm cúng và riêng tư.&nbsp;</span></p><p style=\"margin-left:0px;text-align:justify;\"><span style=\"color:hsl(0, 0%, 0%);font-family:Arial, Helvetica, sans-serif;\">Không gian nhà bao gồm: 01 phòng khách, 01 bếp đầy đủ dụng cụ, 01 phòng ngủ thông, 01 gác xép, 01 vệ sinh và 01 hiên riêng.</span></p><p style=\"margin-left:0px;text-align:justify;\"><span style=\"color:hsl(0, 0%, 0%);font-family:Arial, Helvetica, sans-serif;\">Không gian ngủ có sức chứa 01 giường Queen, 01 sofa giường 1.5x2m và 01 đệm 1,2x2m. Các tiện ích tại vườn được sử dụng chung cho cả 3 căn nhà. Về cơ bản đều giống căn Stone House.&nbsp;</span></p><h3 style=\"text-align:justify;\"><span style=\"color:hsl(0, 0%, 0%);font-family:Arial, Helvetica, sans-serif;\">3. TREE House – Hygge Homestay </span><a href=\"https://thehappystay.vn/rooms/29376\"><span style=\"color:hsl(0, 0%, 0%);font-family:Arial, Helvetica, sans-serif;\">(Đặt phòng giá tốt)</span></a></h3><p style=\"margin-left:0px;text-align:justify;\"><span style=\"color:hsl(0, 0%, 0%);font-family:Arial, Helvetica, sans-serif;\">Ngôi nhà đặc biệt được thiết kế dựa vào kết cấu của hai cây đại thụ trong vườn Hygge Homestay. Với phong cách pastel nhẹ nhàng, thư thái, đây chính là căn nhà lý tưởng cho những con người mộng mơ tận hưởng không gian trong lành và tĩnh tại.</span></p><p style=\"margin-left:0px;text-align:justify;\"><span style=\"color:hsl(0, 0%, 0%);font-family:Arial, Helvetica, sans-serif;\"><img style=\"height:auto;\" src=\"https://homestay.review/wp-content/uploads/2021/12/239818358_3119522494932497_6164976232191422995_n.jpg\" alt=\"Tree house \" srcset=\"https://homestay.review/wp-content/uploads/2021/12/239818358_3119522494932497_6164976232191422995_n.jpg 2048w, https://homestay.review/wp-content/uploads/2021/12/239818358_3119522494932497_6164976232191422995_n-300x200.jpg 300w, https://homestay.review/wp-content/uploads/2021/12/239818358_3119522494932497_6164976232191422995_n-1024x683.jpg 1024w, https://homestay.review/wp-content/uploads/2021/12/239818358_3119522494932497_6164976232191422995_n-768x512.jpg 768w, https://homestay.review/wp-content/uploads/2021/12/239818358_3119522494932497_6164976232191422995_n-1536x1024.jpg 1536w\" sizes=\"100vw\" width=\"2048\" height=\"1365\"></span></p><p style=\"margin-left:0px;text-align:justify;\"><span style=\"color:hsl(0, 0%, 0%);font-family:Arial, Helvetica, sans-serif;\">Nếu bạn yêu thích vẻ đẹp xanh tươi, trong lành của cây cối, yêu cảnh tinh khiết sương mai của thiên nhiên, chắc chắn bạn sẽ chẳng muốn rời khỏi giường mỗi sáng thức dậy tại TREE House. TREE House nằm trong khuôn viên của Hygge Homestay – Khu rừng nhỏ giữa lòng Hà Nội.</span></p><p style=\"margin-left:0px;text-align:justify;\"><span style=\"color:hsl(0, 0%, 0%);font-family:Arial, Helvetica, sans-serif;\">Tổng diện tích nhà: 24m2. Không gian nhà: 01 phòng khách, 01 bếp đầy đủ dụng cụ, 01 phòng ngủ gác xép, 01 vệ sinh. Không gian ngủ gồm 01 giường Queen và 01 sofa giường 1.6x2m.</span></p><p style=\"text-align:justify;\"><span style=\"color:hsl(0, 0%, 0%);font-family:Arial, Helvetica, sans-serif;\">Hygge Homestay được ra đời với sứ mệnh truyền cảm hứng về lối sống tối giản. Dù bạn đi 1 mình hay nhóm đông, dù là đi trốn 1 ngày hay muốn tổ chức tiệc cùng bạn bè, Hygge Homestay đều phù hợp cho bạn với lựa chọn book 1 căn hoặc cả khu nhé!&nbsp;</span></p>', NULL, 1, 6, 1, '2024-01-04 15:19:44', '2024-01-04 15:19:44', 10),
(12, 'Phát Hiện Một Homestay Phú Quốc Có Rooftop Ngắm Hoàng Hôn Cực Chill!', 'phat-hien-mot-homestay-phu-quo', 'Băn khoăn chưa biết chọn homestay Phú Quốc nào cho chuyến đi du lịch sắp tới? Để Homestay Review giới thiệu cho các bạn một căn homestay cực xinh mà giá cả lại phải chăng. Không chỉ ở vị trí đẹp, tiện đi lại mà homestay còn có nhiều tiện ích cực hấp dẫn nữa đó!', '<p style=\"margin-left:0px;text-align:justify;\"><span style=\"color:hsl(0, 0%, 0%);font-family:Arial, Helvetica, sans-serif;\">Holiday Romance Apartment tọa lạc tại khu phố đi bộ hiện đại mới của Phú Quốc. Holiday Roman có 04 căn hộ phù hợp với từng đối tượng khách hàng riêng biệt. Mỗi căn lại có một thiết kế không gian nội thất bày trí ấn tượng.&nbsp;</span></p><p style=\"margin-left:0px;\"><span style=\"color:hsl(0, 0%, 0%);font-family:Arial, Helvetica, sans-serif;\"><img style=\"height:auto;\" src=\"https://homestay.review/wp-content/uploads/2021/04/8-16494-300x225.jpeg\" alt=\"\" srcset=\"https://homestay.review/wp-content/uploads/2021/04/8-16494-300x225.jpeg 300w, https://homestay.review/wp-content/uploads/2021/04/8-16494-1024x768.jpeg 1024w, https://homestay.review/wp-content/uploads/2021/04/8-16494-768x576.jpeg 768w, https://homestay.review/wp-content/uploads/2021/04/8-16494-1536x1152.jpeg 1536w, https://homestay.review/wp-content/uploads/2021/04/8-16494-86x64.jpeg 86w, https://homestay.review/wp-content/uploads/2021/04/8-16494.jpeg 2048w\" sizes=\"100vw\" width=\"780\" height=\"585\"></span></p><p style=\"margin-left:0px;text-align:justify;\"><span style=\"color:hsl(0, 0%, 0%);font-family:Arial, Helvetica, sans-serif;\">Lưu trú tại đây bạn sẽ được trải nghiệm những khoảnh khắc sống “thật” lung linh không cần chỉnh sửa. Không chỉ có chỗ nghỉ ngơi thoải mái mà còn không gian sinh hoạt lý tưởng, đủ để bày biện biết bao cuộc vui.</span></p><p style=\"margin-left:0px;\"><span style=\"color:hsl(0, 0%, 0%);font-family:Arial, Helvetica, sans-serif;\"><img style=\"height:auto;\" src=\"https://homestay.review/wp-content/uploads/2021/04/159512764_1342217616135054_2705855460809883874_n-300x200.jpeg\" alt=\"\" srcset=\"https://homestay.review/wp-content/uploads/2021/04/159512764_1342217616135054_2705855460809883874_n-300x200.jpeg 300w, https://homestay.review/wp-content/uploads/2021/04/159512764_1342217616135054_2705855460809883874_n-1024x683.jpeg 1024w, https://homestay.review/wp-content/uploads/2021/04/159512764_1342217616135054_2705855460809883874_n-768x512.jpeg 768w, https://homestay.review/wp-content/uploads/2021/04/159512764_1342217616135054_2705855460809883874_n-1536x1024.jpeg 1536w, https://homestay.review/wp-content/uploads/2021/04/159512764_1342217616135054_2705855460809883874_n.jpeg 2048w\" sizes=\"100vw\" width=\"777\" height=\"518\"></span></p><p style=\"margin-left:0px;text-align:justify;\"><span style=\"color:hsl(0, 0%, 0%);font-family:Arial, Helvetica, sans-serif;\">Phố đi bộ Sonasea có rất nhiều nhà hàng, quán cà phê, spa, rất tiện lợi để đi du lịch. Homestay cách chợ địa phương 5 phút đi xe. Bạn có thể tự mình ghé tới chợ mua hải sản hay đồ ăn để tự nấu ăn tại phòng.&nbsp;</span></p><p style=\"margin-left:0px;\"><span style=\"color:hsl(0, 0%, 0%);font-family:Arial, Helvetica, sans-serif;\"><img style=\"height:auto;\" src=\"https://homestay.review/wp-content/uploads/2021/04/131101468_1285389435151206_2687201537620803342_n-300x200.jpeg\" alt=\"\" srcset=\"https://homestay.review/wp-content/uploads/2021/04/131101468_1285389435151206_2687201537620803342_n-300x200.jpeg 300w, https://homestay.review/wp-content/uploads/2021/04/131101468_1285389435151206_2687201537620803342_n-1024x683.jpeg 1024w, https://homestay.review/wp-content/uploads/2021/04/131101468_1285389435151206_2687201537620803342_n-768x512.jpeg 768w, https://homestay.review/wp-content/uploads/2021/04/131101468_1285389435151206_2687201537620803342_n-1536x1025.jpeg 1536w, https://homestay.review/wp-content/uploads/2021/04/131101468_1285389435151206_2687201537620803342_n.jpeg 1920w\" sizes=\"100vw\" width=\"779\" height=\"519\"></span></p><p style=\"margin-left:0px;text-align:justify;\"><span style=\"color:hsl(0, 0%, 0%);font-family:Arial, Helvetica, sans-serif;\">Nằm trong cung đường ven biển ngắm Hoàng Hôn đẹp nhất Phú Quốc. Holiday Romance ghi lại ấn tượng sâu sắc bởi view ngắm cảnh tuyệt đẹp. Gần như là một trong những homestay Phú Quốc duy nhất có view rooftop.&nbsp;</span></p><h3 style=\"text-align:justify;\"><span style=\"color:hsl(0, 0%, 0%);font-family:Arial, Helvetica, sans-serif;\"><strong>Các căn phòng đặc biệt tại Holiday Romance homestay Phú Quốc</strong>&nbsp;</span></h3><p style=\"margin-left:0px;text-align:justify;\"><span style=\"color:hsl(0, 0%, 0%);font-family:Arial, Helvetica, sans-serif;\">Holiday Romance bao gồm 4 căn hộ với phong cách hoàn toàn khác nhau: Pinky, Tropical, Japan, Studio. Tùy vào sở thích và số lượng người mà bạn có thể lựa chọn căn hộ phù hợp cho bản thân, gia đình và bạn bè.&nbsp;</span></p><h4 style=\"text-align:justify;\"><span style=\"color:hsl(0, 0%, 0%);font-family:Arial, Helvetica, sans-serif;\"><i><strong>Japan Room – Cảm hứng Nhật Bản</strong></i></span></h4><p style=\"margin-left:0px;text-align:justify;\"><span style=\"color:hsl(0, 0%, 0%);font-family:Arial, Helvetica, sans-serif;\">Nếu là nhóm bạn hoặc gia đình đang tìm kiếm một nơi dừng chân rộng rãi, thoáng mát và đầy đủ tiện nghi, căn hộ Japan chính là nơi dành cho bạn. Là phòng rộng nhất Holiday Romance với diện tích sàn 60m2 và không gian bài trí tối giản – hài hòa – thân thiện, Japan sẽ tạo cảm giác gắn bó cho cả nhà trong suốt kỳ nghỉ dài ngày.</span></p><p style=\"margin-left:0px;\"><span style=\"color:hsl(0, 0%, 0%);font-family:Arial, Helvetica, sans-serif;\"><img style=\"height:auto;\" src=\"https://homestay.review/wp-content/uploads/2021/04/131216502_1285388798484603_5759387040893348896_n-300x300.jpeg\" alt=\"\" srcset=\"https://homestay.review/wp-content/uploads/2021/04/131216502_1285388798484603_5759387040893348896_n-300x300.jpeg 300w, https://homestay.review/wp-content/uploads/2021/04/131216502_1285388798484603_5759387040893348896_n-1024x1024.jpeg 1024w, https://homestay.review/wp-content/uploads/2021/04/131216502_1285388798484603_5759387040893348896_n-150x150.jpeg 150w, https://homestay.review/wp-content/uploads/2021/04/131216502_1285388798484603_5759387040893348896_n-768x768.jpeg 768w, https://homestay.review/wp-content/uploads/2021/04/131216502_1285388798484603_5759387040893348896_n.jpeg 1440w\" sizes=\"100vw\" width=\"778\" height=\"778\"> <img style=\"height:auto;\" src=\"https://homestay.review/wp-content/uploads/2021/04/131418092_1285388758484607_2198679898299294874_n-300x200.jpeg\" alt=\"\" srcset=\"https://homestay.review/wp-content/uploads/2021/04/131418092_1285388758484607_2198679898299294874_n-300x200.jpeg 300w, https://homestay.review/wp-content/uploads/2021/04/131418092_1285388758484607_2198679898299294874_n-1024x684.jpeg 1024w, https://homestay.review/wp-content/uploads/2021/04/131418092_1285388758484607_2198679898299294874_n-768x513.jpeg 768w, https://homestay.review/wp-content/uploads/2021/04/131418092_1285388758484607_2198679898299294874_n-1536x1025.jpeg 1536w, https://homestay.review/wp-content/uploads/2021/04/131418092_1285388758484607_2198679898299294874_n.jpeg 2048w\" sizes=\"100vw\" width=\"777\" height=\"518\"></span></p><h4 style=\"text-align:justify;\"><span style=\"color:hsl(0, 0%, 0%);font-family:Arial, Helvetica, sans-serif;\"><i><strong>Tropical Room – Cảm hứng rừng nhiệt đới</strong></i></span></h4><p style=\"margin-left:0px;text-align:justify;\"><span style=\"color:hsl(0, 0%, 0%);font-family:Arial, Helvetica, sans-serif;\">Vậy còn lựa chọn nào cho những người trẻ hoặc những hộ gia đình thích tiết kiệm tối đa nhưng vẫn muốn được tận hưởng dịch vụ cao cấp? Chắc chắn bạn không thể bỏ qua phòng Studio và Tropical với diện tích gọn gàng, mức giá siêu yêu cùng cách bài trí khéo léo thông minh. Bếp ăn đầy đủ vật dụng cần thiết và máy giặt miễn phí trên sân thượng là một điểm cộng cực lớn khi bạn chọn Holiday Romance cho chuyến du lịch tại đảo Ngọc dài ngày</span></p><p style=\"margin-left:0px;\"><span style=\"color:hsl(0, 0%, 0%);font-family:Arial, Helvetica, sans-serif;\"><img style=\"height:auto;\" src=\"https://homestay.review/wp-content/uploads/2021/04/7-17293-300x200.jpeg\" alt=\"\" srcset=\"https://homestay.review/wp-content/uploads/2021/04/7-17293-300x200.jpeg 300w, https://homestay.review/wp-content/uploads/2021/04/7-17293-768x513.jpeg 768w, https://homestay.review/wp-content/uploads/2021/04/7-17293.jpeg 960w\" sizes=\"100vw\" width=\"779\" height=\"519\"> <img style=\"height:auto;\" src=\"https://homestay.review/wp-content/uploads/2021/04/4-17295-300x200.jpeg\" alt=\"\" srcset=\"https://homestay.review/wp-content/uploads/2021/04/4-17295-300x200.jpeg 300w, https://homestay.review/wp-content/uploads/2021/04/4-17295-768x513.jpeg 768w, https://homestay.review/wp-content/uploads/2021/04/4-17295.jpeg 960w\" sizes=\"100vw\" width=\"780\" height=\"520\"></span></p><h4 style=\"text-align:justify;\"><span style=\"color:hsl(0, 0%, 0%);font-family:Arial, Helvetica, sans-serif;\"><i><strong>Studio Room&nbsp;</strong></i></span></h4><p style=\"margin-left:0px;text-align:justify;\"><span style=\"color:hsl(0, 0%, 0%);font-family:Arial, Helvetica, sans-serif;\">Vậy còn lựa chọn nào cho những người trẻ hoặc những hộ gia đình thích tiết kiệm tối đa nhưng vẫn muốn được tận hưởng dịch vụ cao cấp? Chắc chắn bạn không thể bỏ qua phòng Studio và Tropical với diện tích gọn gàng, mức giá siêu yêu cùng cách bài trí khéo léo thông minh. Bếp ăn đầy đủ vật dụng cần thiết và máy giặt miễn phí trên sân thượng là một điểm cộng cực lớn khi bạn chọn Holiday Romance cho chuyến du lịch tại đảo Ngọc dài ngày.</span></p><p style=\"margin-left:0px;\"><span style=\"color:hsl(0, 0%, 0%);font-family:Arial, Helvetica, sans-serif;\"><img style=\"height:auto;\" src=\"https://homestay.review/wp-content/uploads/2021/04/131101468_1285389435151206_2687201537620803342_n-300x200.jpeg\" alt=\"\" srcset=\"https://homestay.review/wp-content/uploads/2021/04/131101468_1285389435151206_2687201537620803342_n-300x200.jpeg 300w, https://homestay.review/wp-content/uploads/2021/04/131101468_1285389435151206_2687201537620803342_n-1024x683.jpeg 1024w, https://homestay.review/wp-content/uploads/2021/04/131101468_1285389435151206_2687201537620803342_n-768x512.jpeg 768w, https://homestay.review/wp-content/uploads/2021/04/131101468_1285389435151206_2687201537620803342_n-1536x1025.jpeg 1536w, https://homestay.review/wp-content/uploads/2021/04/131101468_1285389435151206_2687201537620803342_n.jpeg 1920w\" sizes=\"100vw\" width=\"779\" height=\"519\"> <img style=\"height:auto;\" src=\"https://homestay.review/wp-content/uploads/2021/04/157695009_1342216926135123_6398424147575545722_n-300x200.jpeg\" alt=\"\" srcset=\"https://homestay.review/wp-content/uploads/2021/04/157695009_1342216926135123_6398424147575545722_n-300x200.jpeg 300w, https://homestay.review/wp-content/uploads/2021/04/157695009_1342216926135123_6398424147575545722_n-1024x684.jpeg 1024w, https://homestay.review/wp-content/uploads/2021/04/157695009_1342216926135123_6398424147575545722_n-768x513.jpeg 768w, https://homestay.review/wp-content/uploads/2021/04/157695009_1342216926135123_6398424147575545722_n-1536x1026.jpeg 1536w, https://homestay.review/wp-content/uploads/2021/04/157695009_1342216926135123_6398424147575545722_n.jpeg 1920w\" sizes=\"100vw\" width=\"779\" height=\"519\"></span></p><h4 style=\"text-align:justify;\"><span style=\"color:hsl(0, 0%, 0%);font-family:Arial, Helvetica, sans-serif;\"><i><strong>Pinky Room – Ngọt ngào và lãng mạn</strong></i></span></h4><p style=\"margin-left:0px;text-align:justify;\"><span style=\"color:hsl(0, 0%, 0%);font-family:Arial, Helvetica, sans-serif;\">Nếu bạn là một cặp đôi đang cần lắm một không gian ngọt ngào nhiều cảm xúc. Hay một nhóm những người bạn thích sự sáng tạo hãy thử một lần đến với phòng Pinky. Nơi đây, bạn có thể ngâm mình thư giãn trong chiếc bồn tắm cao cấp đặt ngay giữa phòng. Tận hưởng cảm xúc lãng mạn trong sắc hồng bao phủ. Đặc biệt hơn, bạn có thể đặt dịch vụ trang trí trọn gói để có một không gian mang đậm dấu ấn riêng của chính mình, giúp những cặp đôi hoặc nhóm bạn có một kỷ niệm không thể nào quên.</span></p><p style=\"margin-left:0px;\"><span style=\"color:hsl(0, 0%, 0%);font-family:Arial, Helvetica, sans-serif;\"><img style=\"height:auto;\" src=\"https://homestay.review/wp-content/uploads/2021/04/1-16487-300x200.jpeg\" alt=\"\" srcset=\"https://homestay.review/wp-content/uploads/2021/04/1-16487-300x200.jpeg 300w, https://homestay.review/wp-content/uploads/2021/04/1-16487-768x513.jpeg 768w, https://homestay.review/wp-content/uploads/2021/04/1-16487.jpeg 960w\" sizes=\"100vw\" width=\"777\" height=\"518\"> <img style=\"height:auto;\" src=\"https://homestay.review/wp-content/uploads/2021/04/4-16497-300x200.jpeg\" alt=\"\" srcset=\"https://homestay.review/wp-content/uploads/2021/04/4-16497-300x200.jpeg 300w, https://homestay.review/wp-content/uploads/2021/04/4-16497-768x513.jpeg 768w, https://homestay.review/wp-content/uploads/2021/04/4-16497.jpeg 960w\" sizes=\"100vw\" width=\"777\" height=\"518\"></span></p><h3 style=\"text-align:justify;\"><span style=\"color:hsl(0, 0%, 0%);font-family:Arial, Helvetica, sans-serif;\"><i><strong>Tiện ích các căn hộ tại Holiday Romance&nbsp;</strong></i></span></h3><p style=\"margin-left:0px;text-align:justify;\"><span style=\"color:hsl(0, 0%, 0%);font-family:Arial, Helvetica, sans-serif;\">Căn hộ riêng tư với không gian rộng rãi, bồn tắm và đầy đủ nội thất. Các phòng đều có giường lớn King size 1m8 hoặc Queen Size 1m6.&nbsp;</span></p><p style=\"margin-left:0px;text-align:justify;\"><span style=\"color:hsl(0, 0%, 0%);font-family:Arial, Helvetica, sans-serif;\">Mỗi căn đều có ban công view ngắm rừng núi hoặc bầu trời, bạn có thể săn hoàng hôn hoặc đón hoàng hôn mỗi sáng.&nbsp;</span></p><p style=\"margin-left:0px;\"><span style=\"color:hsl(0, 0%, 0%);font-family:Arial, Helvetica, sans-serif;\"><img style=\"height:auto;\" src=\"https://homestay.review/wp-content/uploads/2021/04/5-17297-300x200.jpeg\" alt=\"\" srcset=\"https://homestay.review/wp-content/uploads/2021/04/5-17297-300x200.jpeg 300w, https://homestay.review/wp-content/uploads/2021/04/5-17297-768x513.jpeg 768w, https://homestay.review/wp-content/uploads/2021/04/5-17297.jpeg 960w\" sizes=\"100vw\" width=\"779\" height=\"519\"></span></p><p style=\"margin-left:0px;text-align:justify;\"><span style=\"color:hsl(0, 0%, 0%);font-family:Arial, Helvetica, sans-serif;\">Khách được sử dụng bãi biển và hồ bơi gần homestay miễn phí. Ngoài ra thì có thể check-in thả ga tại studio chụp hình trên sân thượng của căn hộ.</span></p><p style=\"margin-left:0px;\"><span style=\"color:hsl(0, 0%, 0%);font-family:Arial, Helvetica, sans-serif;\"><img style=\"height:auto;\" src=\"https://homestay.review/wp-content/uploads/2021/04/157710759_1342215182801964_3123830659475703503_n-300x200.jpeg\" alt=\"\" srcset=\"https://homestay.review/wp-content/uploads/2021/04/157710759_1342215182801964_3123830659475703503_n-300x200.jpeg 300w, https://homestay.review/wp-content/uploads/2021/04/157710759_1342215182801964_3123830659475703503_n-1024x683.jpeg 1024w, https://homestay.review/wp-content/uploads/2021/04/157710759_1342215182801964_3123830659475703503_n-768x512.jpeg 768w, https://homestay.review/wp-content/uploads/2021/04/157710759_1342215182801964_3123830659475703503_n-1536x1024.jpeg 1536w, https://homestay.review/wp-content/uploads/2021/04/157710759_1342215182801964_3123830659475703503_n.jpeg 2048w\" sizes=\"100vw\" width=\"776\" height=\"517\"></span></p><p style=\"margin-left:0px;text-align:justify;\"><span style=\"color:hsl(0, 0%, 0%);font-family:Arial, Helvetica, sans-serif;\">Từ Holiday Romance homestay Phú Quốc khách có thể ghé thăm các quán cà phê, bar cực chill. Những địa điểm phải ghé đó là Gaiia Rooftop – Quán bar phong cách Maroc có view ngắm hoàng hôn. Sunset Sanato, Sailing club, Sky Bar Best Western, Sky Bar, INK 360, Ando Chine Beach Bar, Shri Beach Bar..&nbsp;</span></p><p style=\"margin-left:0px;\"><span style=\"color:hsl(0, 0%, 0%);font-family:Arial, Helvetica, sans-serif;\"><img style=\"height:auto;\" src=\"https://homestay.review/wp-content/uploads/2021/04/6-164910-300x225.jpeg\" alt=\"\" srcset=\"https://homestay.review/wp-content/uploads/2021/04/6-164910-300x225.jpeg 300w, https://homestay.review/wp-content/uploads/2021/04/6-164910-1024x768.jpeg 1024w, https://homestay.review/wp-content/uploads/2021/04/6-164910-768x576.jpeg 768w, https://homestay.review/wp-content/uploads/2021/04/6-164910-86x64.jpeg 86w, https://homestay.review/wp-content/uploads/2021/04/6-164910.jpeg 1080w\" sizes=\"100vw\" width=\"779\" height=\"584\"></span></p><p style=\"margin-left:0px;text-align:justify;\"><span style=\"color:hsl(0, 0%, 0%);font-family:Arial, Helvetica, sans-serif;\">Không chỉ có thể, khách tại Holiday Romance còn nhận được ưu đãi lên đến 20% khi mua tour trải nghiệm Bãi Thơm. Ưu đãi lên đến 15% khi ghé các quán Gaiia Rooftop, Shri Beach Bar, The Home Pizza. Giảm 5 – 10% Khi book các tour du lịch tại Phú Quốc.&nbsp;</span></p><h3 style=\"text-align:justify;\"><span style=\"color:hsl(0, 0%, 0%);font-family:Arial, Helvetica, sans-serif;\"><strong>Tham khảo giá phòng tại Holiday Romance homestay Phú Quốc</strong></span></h3><ul style=\"list-style-type:disc;\"><li style=\"margin-left:0px;text-align:justify;\"><span style=\"color:hsl(0, 0%, 0%);font-family:Arial, Helvetica, sans-serif;\">Tropical Room dành cho 2 người – 650k/ đêm (có thay đổi tuỳ ngày lễ)&nbsp;</span></li><li style=\"margin-left:0px;text-align:justify;\"><span style=\"color:hsl(0, 0%, 0%);font-family:Arial, Helvetica, sans-serif;\">Studio Room dành cho 2 người – 800k/ đêm (có thay đổi tuỳ ngày lễ)&nbsp;</span></li><li style=\"margin-left:0px;text-align:justify;\"><span style=\"color:hsl(0, 0%, 0%);font-family:Arial, Helvetica, sans-serif;\">Japan Room dành cho 2 người – 900k/ đêm (có thay đổi tuỳ ngày lễ)&nbsp;</span></li><li style=\"margin-left:0px;text-align:justify;\"><span style=\"color:hsl(0, 0%, 0%);font-family:Arial, Helvetica, sans-serif;\">Pinky Room dành cho 2 người – 650k/ đêm (có thay đổi tuỳ ngày lễ)&nbsp;</span></li></ul>', 'rooftop,Phú Quốc,biển,bể bơi', 1, 6, 1, '2024-01-04 15:19:44', '2024-01-04 15:46:56', 6),
(13, 'Top 3 Khách Sạn Được Du Khách Ưa Thích Nhất Tại Đà Lạt', 'top-3-khach-san-duoc-du-khach', 'Đà lạt đang bước vào mùa du lịch với lượng du khách đông đảo, dưới đây là 5 khách sạn Đà Lạt được xem là tốt nhất với vị trí thuận lợi, phục vụ tốt và không gian dễ chịu du khách không thể không tham khảo cho một chuyến du lịch đáng nhớ tại thành phố xinh đẹp này.', '<h3 style=\"text-align:justify;\"><span style=\"color:hsl(0, 0%, 0%);font-family:Arial, Helvetica, sans-serif;\">1. Belle Amour Hotel</span></h3><p style=\"margin-left:0px;text-align:justify;\"><span style=\"color:hsl(0, 0%, 0%);font-family:Arial, Helvetica, sans-serif;\">Địa chỉ: 16A Phạm Ngũ Lão, quận 3, thành phố Đà Lạt, Việt Nam</span></p><p style=\"text-align:justify;\"><span style=\"color:hsl(0, 0%, 0%);font-family:Arial, Helvetica, sans-serif;\"><img style=\"height:auto;\" src=\"https://homestay.review/wp-content/uploads/2018/12/Belle-Amour-Hotel-%C4%90%C3%A0-L%E1%BA%A1t-10.jpg\" alt=\"\" srcset=\"https://homestay.review/wp-content/uploads/2018/12/Belle-Amour-Hotel-Đà-Lạt-10.jpg 576w, https://homestay.review/wp-content/uploads/2018/12/Belle-Amour-Hotel-Đà-Lạt-10-225x300.jpg 225w, https://homestay.review/wp-content/uploads/2018/12/Belle-Amour-Hotel-Đà-Lạt-10-315x420.jpg 315w\" sizes=\"100vw\" width=\"576\" height=\"768\"></span></p><p style=\"text-align:justify;\"><span style=\"color:hsl(0, 0%, 0%);font-family:Arial, Helvetica, sans-serif;\"><i>Thiết kế độc đáo</i></span></p><p style=\"margin-left:0px;text-align:justify;\"><span style=\"color:hsl(0, 0%, 0%);font-family:Arial, Helvetica, sans-serif;\">Đến với&nbsp; <strong>Belle Amour Hotel</strong>, du khách sẽ bị ấn tượng bởi sự sang trọng, hiện đại của khách sạn với lối kiến trúc kiểu Âu quen thuộc. Là một khách sạn 2 sao nằm trên một con dốc nhỏ thuộc đường Phạm Ngũ Lão, Belle Amour sẵn sàng phục vụ du khách 24/24 với những dịch vụ về ăn uống, vui chơi và thư giãn căn bản giúp sẽ giúp du khách thư thái và có những giấc ngủ ngon trong những ngày lưu trú tại đây.</span></p><p style=\"text-align:justify;\"><span style=\"color:hsl(0, 0%, 0%);font-family:Arial, Helvetica, sans-serif;\"><img style=\"height:auto;\" src=\"https://homestay.review/wp-content/uploads/2019/01/139278473.jpg\" alt=\"\" srcset=\"https://homestay.review/wp-content/uploads/2019/01/139278473.jpg 1242w, https://homestay.review/wp-content/uploads/2019/01/139278473-300x199.jpg 300w, https://homestay.review/wp-content/uploads/2019/01/139278473-768x510.jpg 768w, https://homestay.review/wp-content/uploads/2019/01/139278473-1024x679.jpg 1024w\" sizes=\"100vw\" width=\"1242\" height=\"824\"></span></p><p style=\"text-align:justify;\"><span style=\"color:hsl(0, 0%, 0%);font-family:Arial, Helvetica, sans-serif;\"><i>Phòng ngủ sang trọng</i></span></p><p style=\"margin-left:0px;text-align:justify;\"><span style=\"color:hsl(0, 0%, 0%);font-family:Arial, Helvetica, sans-serif;\">Khác với những khách sạn khác, sự độc đáo trong phong cách phục vụ của Belle Amour là khách sạn không nhận phục vụ những tour khách đông người, và không nhận thuê phòng theo giờ. Đây cũng là điều mà khách của <strong>Belle Amour</strong> luôn đánh giá cao tại khách sạn này.</span></p><p style=\"margin-left:0px;text-align:justify;\"><span style=\"color:hsl(0, 0%, 0%);font-family:Arial, Helvetica, sans-serif;\"><img style=\"height:auto;\" alt=\"\" srcset=\"https://homestay.review/wp-content/uploads/2018/12/Belle-Amour-Hotel-Đà-Lạt-3.jpg 1024w, https://homestay.review/wp-content/uploads/2018/12/Belle-Amour-Hotel-Đà-Lạt-3-300x212.jpg 300w, https://homestay.review/wp-content/uploads/2018/12/Belle-Amour-Hotel-Đà-Lạt-3-768x542.jpg 768w, https://homestay.review/wp-content/uploads/2018/12/Belle-Amour-Hotel-Đà-Lạt-3-100x70.jpg 100w, https://homestay.review/wp-content/uploads/2018/12/Belle-Amour-Hotel-Đà-Lạt-3-696x491.jpg 696w, https://homestay.review/wp-content/uploads/2018/12/Belle-Amour-Hotel-Đà-Lạt-3-595x420.jpg 595w\" sizes=\"100vw\" width=\"696\" height=\"491\"><img style=\"height:auto;\" alt=\"\" srcset=\"https://homestay.review/wp-content/uploads/2018/12/Belle-Amour-Hotel-Đà-Lạt-6.jpg 1024w, https://homestay.review/wp-content/uploads/2018/12/Belle-Amour-Hotel-Đà-Lạt-6-300x199.jpg 300w, https://homestay.review/wp-content/uploads/2018/12/Belle-Amour-Hotel-Đà-Lạt-6-768x509.jpg 768w, https://homestay.review/wp-content/uploads/2018/12/Belle-Amour-Hotel-Đà-Lạt-6-696x462.jpg 696w, https://homestay.review/wp-content/uploads/2018/12/Belle-Amour-Hotel-Đà-Lạt-6-633x420.jpg 633w\" sizes=\"100vw\" width=\"696\" height=\"462\"><img style=\"height:auto;\" alt=\"\" srcset=\"https://homestay.review/wp-content/uploads/2018/12/Belle-Amour-Hotel-Đà-Lạt-5.jpg 1024w, https://homestay.review/wp-content/uploads/2018/12/Belle-Amour-Hotel-Đà-Lạt-5-300x199.jpg 300w, https://homestay.review/wp-content/uploads/2018/12/Belle-Amour-Hotel-Đà-Lạt-5-768x509.jpg 768w, https://homestay.review/wp-content/uploads/2018/12/Belle-Amour-Hotel-Đà-Lạt-5-696x462.jpg 696w, https://homestay.review/wp-content/uploads/2018/12/Belle-Amour-Hotel-Đà-Lạt-5-633x420.jpg 633w\" sizes=\"100vw\" width=\"696\" height=\"462\"></span></p><p style=\"margin-left:0px;text-align:justify;\"><span style=\"color:hsl(0, 0%, 0%);font-family:Arial, Helvetica, sans-serif;\">Các phòng ngủ cho du khách được trang trí đơn giản mà sang trọng với đầy đủ tiện nghi nhà tắm, dịch vụ Internet, hay hệ thống cử khóa an toàn,… Sự chu đáo tại Belle Amour chắc chắn sẽ làm hài lòng bất cứ vị khách nào đặt chân đến đây.</span></p><h3 style=\"text-align:justify;\"><span style=\"color:hsl(0, 0%, 0%);font-family:Arial, Helvetica, sans-serif;\">2. Dalat Lanani Hotel</span></h3><p style=\"margin-left:0px;text-align:justify;\"><span style=\"color:hsl(0, 0%, 0%);font-family:Arial, Helvetica, sans-serif;\">Địa chỉ: 07 Phan Đình Phùng, thành phố Đà Lạt Việt Nam</span></p><p style=\"text-align:justify;\"><span style=\"color:hsl(0, 0%, 0%);font-family:Arial, Helvetica, sans-serif;\"><img style=\"height:auto;\" src=\"https://homestay.review/wp-content/uploads/2018/12/Da-Lat-Lanani-Hotel.jpg\" alt=\"\" srcset=\"https://homestay.review/wp-content/uploads/2018/12/Da-Lat-Lanani-Hotel.jpg 576w, https://homestay.review/wp-content/uploads/2018/12/Da-Lat-Lanani-Hotel-225x300.jpg 225w, https://homestay.review/wp-content/uploads/2018/12/Da-Lat-Lanani-Hotel-315x420.jpg 315w\" sizes=\"100vw\" width=\"576\" height=\"768\"></span></p><p style=\"text-align:justify;\"><span style=\"color:hsl(0, 0%, 0%);font-family:Arial, Helvetica, sans-serif;\"><i>Thiết kế sang trọng</i></span></p><p style=\"margin-left:0px;text-align:justify;\"><span style=\"color:hsl(0, 0%, 0%);font-family:Arial, Helvetica, sans-serif;\">Tọa lạc tại vị trí gần trung tâm thành phố, <strong>Dalat Lanani Hotel</strong> là một nơi dừng chân cung cấp cho du khách với vị trí khá gần với khu chợ ẩm thực và một số địa danh nổi tiếng của thành phố Đà Lạt như khách sạn Hằng Nga, Dinh Bảo Đại,…</span></p><p style=\"text-align:justify;\"><span style=\"color:hsl(0, 0%, 0%);font-family:Arial, Helvetica, sans-serif;\"><img style=\"height:auto;\" src=\"https://homestay.review/wp-content/uploads/2019/01/68209900.jpg\" alt=\"\" srcset=\"https://homestay.review/wp-content/uploads/2019/01/68209900.jpg 576w, https://homestay.review/wp-content/uploads/2019/01/68209900-225x300.jpg 225w\" sizes=\"100vw\" width=\"576\" height=\"768\"></span></p><p style=\"text-align:justify;\"><span style=\"color:hsl(0, 0%, 0%);font-family:Arial, Helvetica, sans-serif;\"><i>Phòng ngủ lịch sự</i></span></p><p style=\"margin-left:0px;text-align:justify;\"><span style=\"color:hsl(0, 0%, 0%);font-family:Arial, Helvetica, sans-serif;\">Chủ &nbsp;và nhân viên khách sạn ở đây khá thân thiện và thoải mái, bạn có thể nhờ họ giới thiệu những nơi ăn chơi nổi tiếng tại thành phố. Sự quan tâm và chăm sóc tận tình &nbsp;của họ đối với khách trọ luôn là điều khiến du khách nhớ mãi và muốn quay lại khách sạn này một lần nữa.</span></p><p style=\"margin-left:0px;text-align:justify;\"><span style=\"color:hsl(0, 0%, 0%);font-family:Arial, Helvetica, sans-serif;\">Phòng ngủ được trang bị đầy đủ tiện nghi và thiết bị cho du khách và cả người khuyết tật. Việc sử dụng các tông màu trầm khiến cho căn phòng trở nên ấm cúng hơn trong mắt du khách.</span></p><h3 style=\"text-align:justify;\"><span style=\"color:hsl(0, 0%, 0%);font-family:Arial, Helvetica, sans-serif;\">3. Gia Pham Hotel</span></h3><p style=\"margin-left:0px;text-align:justify;\"><span style=\"color:hsl(0, 0%, 0%);font-family:Arial, Helvetica, sans-serif;\">Địa chỉ: G5b Mạc Đĩnh Chi, quận 4, thành phố Đà Lạt, Việt Nam</span></p><p style=\"text-align:justify;\"><span style=\"color:hsl(0, 0%, 0%);font-family:Arial, Helvetica, sans-serif;\"><img style=\"height:auto;\" src=\"https://homestay.review/wp-content/uploads/2019/01/gia-pham-hotel-dalat-phong-ngu.jpg\" alt=\"Gia Pham Hotel Đà Lạt phòng ngủ\" srcset=\"https://homestay.review/wp-content/uploads/2019/01/gia-pham-hotel-dalat-phong-ngu.jpg 1280w, https://homestay.review/wp-content/uploads/2019/01/gia-pham-hotel-dalat-phong-ngu-300x200.jpg 300w, https://homestay.review/wp-content/uploads/2019/01/gia-pham-hotel-dalat-phong-ngu-768x512.jpg 768w, https://homestay.review/wp-content/uploads/2019/01/gia-pham-hotel-dalat-phong-ngu-1024x682.jpg 1024w, https://homestay.review/wp-content/uploads/2019/01/gia-pham-hotel-dalat-phong-ngu-696x464.jpg 696w, https://homestay.review/wp-content/uploads/2019/01/gia-pham-hotel-dalat-phong-ngu-1068x712.jpg 1068w, https://homestay.review/wp-content/uploads/2019/01/gia-pham-hotel-dalat-phong-ngu-630x420.jpg 630w\" sizes=\"100vw\" width=\"1280\" height=\"853\"></span></p><p style=\"margin-left:0px;text-align:justify;\"><span style=\"color:hsl(0, 0%, 0%);font-family:Arial, Helvetica, sans-serif;\">Chỉ với từ 180k một đêm, những gì du khách nhận được khi đến với Khách sạn Gia Phạm luôn vượt ngoài những gì mà họ mong đợi cho một nơi nghỉ dưỡng giá cả bình dân. Khách sạn có đầy đủ các dịch vụ về thuê phương tiện, đưa đón hay lên tour,…phục vụ cho việc ăn chơi của khách và những tiện nghi phục vụ trong khách sạn để mang đến cho du khách một không gian nghỉ dưỡng thoải mái nhất.</span></p><p style=\"margin-left:0px;text-align:justify;\"><span style=\"color:hsl(0, 0%, 0%);font-family:Arial, Helvetica, sans-serif;\"><img style=\"height:auto;\" src=\"https://homestay.review/wp-content/uploads/2019/01/gia-pham-da-lat.jpg\" alt=\"\" srcset=\"https://homestay.review/wp-content/uploads/2019/01/gia-pham-da-lat.jpg 1024w, https://homestay.review/wp-content/uploads/2019/01/gia-pham-da-lat-300x225.jpg 300w, https://homestay.review/wp-content/uploads/2019/01/gia-pham-da-lat-768x576.jpg 768w, https://homestay.review/wp-content/uploads/2019/01/gia-pham-da-lat-80x60.jpg 80w, https://homestay.review/wp-content/uploads/2019/01/gia-pham-da-lat-265x198.jpg 265w, https://homestay.review/wp-content/uploads/2019/01/gia-pham-da-lat-696x522.jpg 696w, https://homestay.review/wp-content/uploads/2019/01/gia-pham-da-lat-560x420.jpg 560w\" sizes=\"100vw\" width=\"1024\" height=\"768\"></span></p><p style=\"margin-left:0px;text-align:justify;\"><span style=\"color:hsl(0, 0%, 0%);font-family:Arial, Helvetica, sans-serif;\">Các không gian trong Gia Phạm được thiết kế và trang trí một cách tối giản nhưng không đơn điệu, thiết kế của khách sạn vẫn có sự độc đáo riêng biệt. Một số phòng ngủ tại đây có bố trí ban công, du khách có thể ngắm nhìn thỏa thích vẻ đẹp của thành phố mọi lúc và nó cũng đủ rộng để khách có thể vừa dùng bữa vừa từ từ thưởng thức vẻ đẹp mơ mộng của thành phố này.</span></p>', 'ban công,khách sạn Đà Lạt', 2, 12, 1, '2024-01-04 15:19:44', '2024-01-04 15:19:44', 7);

-- --------------------------------------------------------

--
-- Cấu trúc bảng cho bảng `post_images`
--

DROP TABLE IF EXISTS `post_images`;
CREATE TABLE IF NOT EXISTS `post_images` (
  `id` bigint UNSIGNED NOT NULL AUTO_INCREMENT,
  `name` varchar(191) COLLATE utf8mb4_unicode_ci NOT NULL,
  `post_id` bigint UNSIGNED NOT NULL,
  `created_at` timestamp NULL DEFAULT NULL,
  `updated_at` timestamp NULL DEFAULT NULL,
  PRIMARY KEY (`id`),
  UNIQUE KEY `post_images_name_unique` (`name`),
  KEY `post_images_post_id_foreign` (`post_id`)
) ENGINE=MyISAM AUTO_INCREMENT=42 DEFAULT CHARSET=utf8mb4 COLLATE=utf8mb4_unicode_ci;

--
-- Đang đổ dữ liệu cho bảng `post_images`
--

INSERT INTO `post_images` (`id`, `name`, `post_id`, `created_at`, `updated_at`) VALUES
(1, 'khuon-vien-alittle-hill.jpg', 1, '2024-01-04 15:19:44', '2024-01-04 15:19:44'),
(2, 'bungalow-alittle-hill.jpg', 1, '2024-01-04 15:19:44', '2024-01-04 15:19:44'),
(3, 'toan-canh-alittle-hill.jpg', 1, '2024-01-04 15:19:44', '2024-01-04 15:19:44'),
(4, 'vuon-hoa-alittle-hill.jpg', 1, '2024-01-04 15:19:44', '2024-01-04 15:19:44'),
(5, 'phong-khach-bulgalow-alittle-hill.jpg', 1, '2024-01-04 15:19:44', '2024-01-04 15:19:44'),
(6, 'LH-Homestay-Ngo-Huyen.jpg', 2, '2024-01-04 15:19:44', '2024-01-04 15:19:44'),
(7, '1d87e071cd1c1a42430d-144310.jpg', 2, '2024-01-04 15:19:44', '2024-01-04 15:19:44'),
(8, '130192949_205004917802391_6585107937557363008_n-1.jpg', 2, '2024-01-04 15:19:44', '2024-01-04 15:19:44'),
(9, 'img_20230507_153921-15402.jpg', 2, '2024-01-04 15:19:44', '2024-01-04 15:19:44'),
(10, '29563058.jpg', 3, '2024-01-04 15:19:44', '2024-01-04 15:19:44'),
(11, '10107626-1.jpg', 3, '2024-01-04 15:19:44', '2024-01-04 15:19:44'),
(12, 'The-Wilder-nest-da-lat.jpg', 4, '2024-01-04 15:19:44', '2024-01-04 15:19:44'),
(13, 'tong-quan-the-nest-da-lat-750x430.jpg', 4, '2024-01-04 15:19:44', '2024-01-04 15:19:44'),
(14, '4.png', 5, '2024-01-04 15:19:44', '2024-01-04 15:19:44'),
(15, '9.png', 5, '2024-01-04 15:19:44', '2024-01-04 15:19:44'),
(16, '18.png', 5, '2024-01-04 15:19:44', '2024-01-04 15:19:44'),
(17, 'minh-quang-phan-rang-hotel.jpg', 6, '2024-01-04 15:19:44', '2024-01-04 15:19:44'),
(18, 'dong-nam-hotel-phan-rang.jpg', 6, '2024-01-04 15:19:44', '2024-01-04 15:19:44'),
(19, 'phan-rang-hotel.jpg', 6, '2024-01-04 15:19:44', '2024-01-04 15:19:44'),
(20, '262944349_467908978226343_1270130246191257302_n.jpg', 7, '2024-01-04 15:19:44', '2024-01-04 15:19:44'),
(21, '260009748_140042785036276_2616052011406942318_n.jpg', 7, '2024-01-04 15:19:44', '2024-01-04 15:19:44'),
(22, '259128158_459231729094068_3030173871893759513_n.jpg', 7, '2024-01-04 15:19:44', '2024-01-04 15:19:44'),
(23, '247208358_4449144328535999_5187363940342126351_n.jpg', 7, '2024-01-04 15:19:44', '2024-01-04 15:19:44'),
(24, '241576517.jpg', 8, '2024-01-04 15:19:44', '2024-01-04 15:19:44'),
(25, '241461385.jpg', 8, '2024-01-04 15:19:44', '2024-01-04 15:19:44'),
(26, '241576470.jpg', 8, '2024-01-04 15:19:44', '2024-01-04 15:19:44'),
(27, '241576507.jpg', 8, '2024-01-04 15:19:44', '2024-01-04 15:19:44'),
(28, '258849571_441194287415371_26762381312477142_n-1.jpg', 9, '2024-01-04 15:19:44', '2024-01-04 15:19:44'),
(29, '268301540_448209490047184_9208766693962474421_n.jpg', 9, '2024-01-04 15:19:44', '2024-01-04 15:19:44'),
(30, '261612996_435988227935977_6502252677761381415_n.jpg', 9, '2024-01-04 15:19:44', '2024-01-04 15:19:44'),
(31, '274818596_496717965196336_2628737989623589617_n.jpg', 9, '2024-01-04 15:19:44', '2024-01-04 15:19:44'),
(32, 'thung-ca-homestay-phong-2-1-2nguoi647-1024x681.jpeg', 10, '2024-01-04 15:19:44', '2024-01-04 15:19:44'),
(33, 'thung-ca-homestay-phong-2-1-2nguoi6127-1024x684.jpeg', 10, '2024-01-04 15:19:44', '2024-01-04 15:19:44'),
(34, '48369070_2268051603412928_663260675555983360_n.jpg', 11, '2024-01-04 15:19:44', '2024-01-04 15:19:44'),
(35, '239818358_3119522494932497_6164976232191422995_n.jpg', 11, '2024-01-04 15:19:44', '2024-01-04 15:19:44'),
(36, '241206879_3119526571598756_1243145658553360994_n-1.jpg', 11, '2024-01-04 15:19:44', '2024-01-04 15:19:44'),
(37, '8-16494-1024x768.jpeg', 12, '2024-01-04 15:19:44', '2024-01-04 15:19:44'),
(38, '159512764_1342217616135054_2705855460809883874_n.jpeg', 12, '2024-01-04 15:19:44', '2024-01-04 15:19:44'),
(39, '131101468_1285389435151206_2687201537620803342_n-1024x683.jpeg', 12, '2024-01-04 15:19:44', '2024-01-04 15:19:44'),
(40, 'gia-pham-hotel-dalat-phong-ngu.jpg', 13, '2024-01-04 15:19:44', '2024-01-04 15:19:44'),
(41, 'gia-pham-da-lat.jpg', 13, '2024-01-04 15:19:44', '2024-01-04 15:19:44');

-- --------------------------------------------------------

--
-- Cấu trúc bảng cho bảng `post_likes`
--

DROP TABLE IF EXISTS `post_likes`;
CREATE TABLE IF NOT EXISTS `post_likes` (
  `user_id` bigint UNSIGNED NOT NULL,
  `post_id` bigint UNSIGNED NOT NULL,
  `is_like` tinyint(1) NOT NULL,
  `created_at` timestamp NULL DEFAULT NULL,
  `updated_at` timestamp NULL DEFAULT NULL,
  PRIMARY KEY (`user_id`,`post_id`),
  KEY `post_likes_post_id_foreign` (`post_id`)
) ENGINE=MyISAM DEFAULT CHARSET=utf8mb4 COLLATE=utf8mb4_unicode_ci;

--
-- Đang đổ dữ liệu cho bảng `post_likes`
--

INSERT INTO `post_likes` (`user_id`, `post_id`, `is_like`, `created_at`, `updated_at`) VALUES
(4, 4, 1, '2024-01-04 15:19:45', '2024-01-04 15:19:45'),
(12, 4, 0, '2024-01-04 15:19:45', '2024-01-04 15:19:45'),
(4, 13, 1, '2024-01-04 15:19:45', '2024-01-04 15:19:45'),
(6, 3, 0, '2024-01-04 15:19:45', '2024-01-04 15:19:45'),
(6, 10, 0, '2024-01-04 15:19:45', '2024-01-04 15:19:45'),
(5, 5, 1, '2024-01-04 15:19:45', '2024-01-04 15:19:45'),
(1, 1, 0, '2024-01-04 15:19:45', '2024-01-04 15:19:45'),
(4, 10, 0, '2024-01-04 15:19:45', '2024-01-04 15:19:45'),
(13, 2, 0, '2024-01-04 15:19:45', '2024-01-04 15:19:45'),
(13, 12, 0, '2024-01-04 15:19:45', '2024-01-04 15:19:45'),
(7, 5, 1, '2024-01-04 15:19:45', '2024-01-04 15:19:45'),
(4, 6, 0, '2024-01-04 15:19:45', '2024-01-04 15:19:45'),
(9, 8, 1, '2024-01-04 15:19:45', '2024-01-04 15:19:45'),
(7, 10, 0, '2024-01-04 15:19:45', '2024-01-04 15:19:45'),
(8, 7, 0, '2024-01-04 15:19:45', '2024-01-04 15:19:45'),
(3, 3, 1, '2024-01-04 15:19:45', '2024-01-04 15:19:45'),
(9, 12, 0, '2024-01-04 15:19:45', '2024-01-04 15:19:45'),
(6, 13, 0, '2024-01-04 15:19:45', '2024-01-04 15:19:45'),
(2, 10, 1, '2024-01-04 15:19:45', '2024-01-04 15:19:45'),
(4, 5, 1, '2024-01-04 15:19:45', '2024-01-04 15:19:45'),
(10, 13, 1, '2024-01-04 15:19:45', '2024-01-04 15:19:45'),
(2, 7, 0, '2024-01-04 15:19:45', '2024-01-04 15:19:45'),
(1, 4, 0, '2024-01-04 15:19:45', '2024-01-04 15:19:45'),
(5, 11, 0, '2024-01-04 15:19:45', '2024-01-04 15:19:45'),
(9, 3, 1, '2024-01-04 15:19:45', '2024-01-04 15:19:45'),
(2, 1, 0, '2024-01-04 15:19:45', '2024-01-04 15:19:45'),
(8, 12, 0, '2024-01-04 15:19:45', '2024-01-04 15:19:45'),
(10, 11, 0, '2024-01-04 15:19:45', '2024-01-04 15:19:45'),
(7, 12, 1, '2024-01-04 15:19:45', '2024-01-04 15:19:45'),
(5, 10, 1, '2024-01-04 15:19:45', '2024-01-04 15:19:45');

-- --------------------------------------------------------

--
-- Cấu trúc bảng cho bảng `provinces`
--

DROP TABLE IF EXISTS `provinces`;
CREATE TABLE IF NOT EXISTS `provinces` (
  `id` int UNSIGNED NOT NULL AUTO_INCREMENT,
  `name` varchar(40) COLLATE utf8mb4_unicode_ci NOT NULL,
  `slug` varchar(20) COLLATE utf8mb4_unicode_ci NOT NULL,
  `region_id` int UNSIGNED NOT NULL,
  `created_at` timestamp NULL DEFAULT NULL,
  `updated_at` timestamp NULL DEFAULT NULL,
  PRIMARY KEY (`id`),
  UNIQUE KEY `provinces_name_unique` (`name`),
  UNIQUE KEY `provinces_slug_unique` (`slug`),
  KEY `provinces_region_id_foreign` (`region_id`)
) ENGINE=MyISAM AUTO_INCREMENT=64 DEFAULT CHARSET=utf8mb4 COLLATE=utf8mb4_unicode_ci;

--
-- Đang đổ dữ liệu cho bảng `provinces`
--

INSERT INTO `provinces` (`id`, `name`, `slug`, `region_id`, `created_at`, `updated_at`) VALUES
(1, 'An Giang', 'an-giang', 4, '2024-01-04 15:19:43', '2024-01-04 15:19:43'),
(2, 'Bà Rịa - Vũng Tàu', 'ba-ria-vung-tau', 2, '2024-01-04 15:19:43', '2024-01-04 15:19:43'),
(3, 'Bắc Giang', 'bac-giang', 1, '2024-01-04 15:19:43', '2024-01-04 15:19:43'),
(4, 'Bắc Kạn', 'bac-kan', 1, '2024-01-04 15:19:43', '2024-01-04 15:19:43'),
(5, 'Bạc Liêu', 'bac-lieu', 4, '2024-01-04 15:19:43', '2024-01-04 15:19:43'),
(6, 'Bắc Ninh', 'bac-ninh', 1, '2024-01-04 15:19:43', '2024-01-04 15:19:43'),
(7, 'Bến Tre', 'ben-tre', 4, '2024-01-04 15:19:43', '2024-01-04 15:19:43'),
(8, 'Bình Định', 'binh-dinh', 3, '2024-01-04 15:19:43', '2024-01-04 15:19:43'),
(9, 'Bình Dương', 'binh-duong', 2, '2024-01-04 15:19:43', '2024-01-04 15:19:43'),
(10, 'Bình Phước', 'binh-phuoc', 2, '2024-01-04 15:19:43', '2024-01-04 15:19:43'),
(11, 'Bình Thuận', 'binh-thuan', 3, '2024-01-04 15:19:43', '2024-01-04 15:19:43'),
(12, 'Cà Mau', 'ca-mau', 4, '2024-01-04 15:19:43', '2024-01-04 15:19:43'),
(13, 'Cần Thơ', 'can-tho', 4, '2024-01-04 15:19:43', '2024-01-04 15:19:43'),
(14, 'Cao Bằng', 'cao-bang', 1, '2024-01-04 15:19:43', '2024-01-04 15:19:43'),
(15, 'Đà Nẵng', 'da-nang', 3, '2024-01-04 15:19:43', '2024-01-04 15:19:43'),
(16, 'Đắk Lắk', 'dak-lak', 3, '2024-01-04 15:19:43', '2024-01-04 15:19:43'),
(17, 'Đắk Nông', 'dak-nong', 3, '2024-01-04 15:19:43', '2024-01-04 15:19:43'),
(18, 'Điện Biên', 'dien-bien', 1, '2024-01-04 15:19:43', '2024-01-04 15:19:43'),
(19, 'Đồng Nai', 'dong-nai', 2, '2024-01-04 15:19:43', '2024-01-04 15:19:43'),
(20, 'Đồng Tháp', 'dong-thap', 4, '2024-01-04 15:19:43', '2024-01-04 15:19:43'),
(21, 'Gia Lai', 'gia-lai', 3, '2024-01-04 15:19:43', '2024-01-04 15:19:43'),
(22, 'Hà Giang', 'ha-giang', 1, '2024-01-04 15:19:43', '2024-01-04 15:19:43'),
(23, 'Hà Nam', 'ha-nam', 1, '2024-01-04 15:19:43', '2024-01-04 15:19:43'),
(24, 'Hà Nội', 'ha-noi', 1, '2024-01-04 15:19:43', '2024-01-04 15:19:43'),
(25, 'Hà Tĩnh', 'ha-tinh', 3, '2024-01-04 15:19:43', '2024-01-04 15:19:43'),
(26, 'Hải Dương', 'hai-duong', 1, '2024-01-04 15:19:43', '2024-01-04 15:19:43'),
(27, 'Hải Phòng', 'hai-phong', 1, '2024-01-04 15:19:43', '2024-01-04 15:19:43'),
(28, 'Hậu Giang', 'hau-giang', 4, '2024-01-04 15:19:43', '2024-01-04 15:19:43'),
(29, 'Hồ Chí Minh', 'ho-chi-minh', 2, '2024-01-04 15:19:43', '2024-01-04 15:19:43'),
(30, 'Hòa Bình', 'hoa-binh', 1, '2024-01-04 15:19:43', '2024-01-04 15:19:43'),
(31, 'Hưng Yên', 'hung-yen', 1, '2024-01-04 15:19:43', '2024-01-04 15:19:43'),
(32, 'Khánh Hòa', 'khanh-hoa', 3, '2024-01-04 15:19:43', '2024-01-04 15:19:43'),
(33, 'Kiên Giang', 'kien-giang', 4, '2024-01-04 15:19:43', '2024-01-04 15:19:43'),
(34, 'Kon Tum', 'kon-tum', 3, '2024-01-04 15:19:43', '2024-01-04 15:19:43'),
(35, 'Lai Châu', 'lai-chau', 1, '2024-01-04 15:19:43', '2024-01-04 15:19:43'),
(36, 'Lâm Đồng', 'lam-dong', 3, '2024-01-04 15:19:43', '2024-01-04 15:19:43'),
(37, 'Lạng Sơn', 'lang-son', 1, '2024-01-04 15:19:43', '2024-01-04 15:19:43'),
(38, 'Lào Cai', 'lao-cai', 1, '2024-01-04 15:19:43', '2024-01-04 15:19:43'),
(39, 'Long An', 'long-an', 4, '2024-01-04 15:19:43', '2024-01-04 15:19:43'),
(40, 'Nam Định', 'nam-dinh', 1, '2024-01-04 15:19:43', '2024-01-04 15:19:43'),
(41, 'Nghệ An', 'nghe-an', 3, '2024-01-04 15:19:43', '2024-01-04 15:19:43'),
(42, 'Ninh Bình', 'ninh-binh', 1, '2024-01-04 15:19:43', '2024-01-04 15:19:43'),
(43, 'Ninh Thuận', 'ninh-thuan', 3, '2024-01-04 15:19:43', '2024-01-04 15:19:43'),
(44, 'Phú Thọ', 'phu-tho', 1, '2024-01-04 15:19:43', '2024-01-04 15:19:43'),
(45, 'Phú Yên', 'phu-yen', 3, '2024-01-04 15:19:43', '2024-01-04 15:19:43'),
(46, 'Quảng Bình', 'quang-binh', 3, '2024-01-04 15:19:43', '2024-01-04 15:19:43'),
(47, 'Quảng Nam', 'quang-nam', 3, '2024-01-04 15:19:43', '2024-01-04 15:19:43'),
(48, 'Quảng Ngãi', 'quang-ngai', 3, '2024-01-04 15:19:43', '2024-01-04 15:19:43'),
(49, 'Quảng Ninh', 'quang-ninh', 1, '2024-01-04 15:19:43', '2024-01-04 15:19:43'),
(50, 'Quảng Trị', 'quang-tri', 3, '2024-01-04 15:19:43', '2024-01-04 15:19:43'),
(51, 'Sóc Trăng', 'soc-trang', 4, '2024-01-04 15:19:43', '2024-01-04 15:19:43'),
(52, 'Sơn La', 'son-la', 1, '2024-01-04 15:19:43', '2024-01-04 15:19:43'),
(53, 'Tây Ninh', 'tay-ninh', 2, '2024-01-04 15:19:43', '2024-01-04 15:19:43'),
(54, 'Thái Bình', 'thai-binh', 1, '2024-01-04 15:19:43', '2024-01-04 15:19:43'),
(55, 'Thái Nguyên', 'thai-nguyen', 1, '2024-01-04 15:19:43', '2024-01-04 15:19:43'),
(56, 'Thanh Hóa', 'thanh-hoa', 3, '2024-01-04 15:19:43', '2024-01-04 15:19:43'),
(57, 'Thừa Thiên Huế', 'thua-thien-hue', 3, '2024-01-04 15:19:43', '2024-01-04 15:19:43'),
(58, 'Tiền Giang', 'tien-giang', 4, '2024-01-04 15:19:43', '2024-01-04 15:19:43'),
(59, 'Trà Vinh', 'tra-vinh', 4, '2024-01-04 15:19:43', '2024-01-04 15:19:43'),
(60, 'Tuyên Quang', 'tuyen-quang', 1, '2024-01-04 15:19:43', '2024-01-04 15:19:43'),
(61, 'Vĩnh Long', 'vinh-long', 4, '2024-01-04 15:19:43', '2024-01-04 15:19:43'),
(62, 'Vĩnh Phúc', 'vinh-phuc', 1, '2024-01-04 15:19:43', '2024-01-04 15:19:43'),
(63, 'Yên Bái', 'yen-bai', 1, '2024-01-04 15:19:43', '2024-01-04 15:19:43');

-- --------------------------------------------------------

--
-- Cấu trúc bảng cho bảng `ratings`
--

DROP TABLE IF EXISTS `ratings`;
CREATE TABLE IF NOT EXISTS `ratings` (
  `user_id` bigint UNSIGNED NOT NULL,
  `place_id` bigint UNSIGNED NOT NULL,
  `star` enum('1','2','3','4','5') COLLATE utf8mb4_unicode_ci NOT NULL,
  `created_at` timestamp NULL DEFAULT NULL,
  `updated_at` timestamp NULL DEFAULT NULL,
  PRIMARY KEY (`user_id`,`place_id`),
  KEY `ratings_place_id_foreign` (`place_id`)
) ENGINE=MyISAM DEFAULT CHARSET=utf8mb4 COLLATE=utf8mb4_unicode_ci;

--
-- Đang đổ dữ liệu cho bảng `ratings`
--

INSERT INTO `ratings` (`user_id`, `place_id`, `star`, `created_at`, `updated_at`) VALUES
(13, 14, '3', '2024-01-04 15:19:45', '2024-01-04 15:19:45'),
(1, 16, '1', '2024-01-04 15:19:45', '2024-01-04 15:19:45'),
(1, 24, '5', '2024-01-04 15:19:45', '2024-01-04 15:19:45'),
(5, 12, '4', '2024-01-04 15:19:45', '2024-01-04 15:19:45'),
(5, 17, '3', '2024-01-04 15:19:45', '2024-01-04 15:19:45'),
(2, 8, '2', '2024-01-04 15:19:45', '2024-01-04 15:19:45'),
(9, 15, '4', '2024-01-04 15:19:45', '2024-01-04 15:19:45'),
(1, 1, '4', '2024-01-04 15:19:45', '2024-01-04 15:19:45'),
(8, 15, '2', '2024-01-04 15:19:45', '2024-01-04 15:19:45'),
(4, 24, '5', '2024-01-04 15:19:45', '2024-01-04 15:19:45'),
(3, 18, '1', '2024-01-04 15:19:45', '2024-01-04 15:19:45'),
(4, 16, '3', '2024-01-04 15:19:45', '2024-01-04 15:19:45'),
(2, 18, '3', '2024-01-04 15:19:45', '2024-01-04 15:19:45'),
(13, 21, '5', '2024-01-04 15:19:45', '2024-01-04 15:19:45'),
(13, 10, '4', '2024-01-04 15:19:45', '2024-01-04 15:19:45'),
(9, 6, '1', '2024-01-04 15:19:45', '2024-01-04 15:19:45'),
(9, 3, '1', '2024-01-04 15:19:45', '2024-01-04 15:19:45'),
(9, 12, '3', '2024-01-04 15:19:45', '2024-01-04 15:19:45'),
(1, 8, '2', '2024-01-04 15:19:45', '2024-01-04 15:19:45'),
(1, 11, '4', '2024-01-04 15:19:45', '2024-01-04 15:19:45'),
(2, 7, '2', '2024-01-04 15:19:45', '2024-01-04 15:19:45'),
(9, 8, '5', '2024-01-04 15:19:45', '2024-01-04 15:19:45'),
(13, 15, '4', '2024-01-04 15:19:45', '2024-01-04 15:19:45'),
(5, 1, '3', '2024-01-04 15:19:45', '2024-01-04 15:19:45'),
(13, 17, '2', '2024-01-04 15:19:45', '2024-01-04 15:19:45'),
(11, 1, '4', '2024-01-04 15:19:45', '2024-01-04 15:19:45'),
(8, 11, '3', '2024-01-04 15:19:45', '2024-01-04 15:19:45'),
(9, 18, '1', '2024-01-04 15:19:45', '2024-01-04 15:19:45'),
(6, 8, '5', '2024-01-04 15:22:03', '2024-01-04 15:22:03'),
(8, 8, '5', '2024-01-04 15:24:45', '2024-01-04 15:24:45'),
(12, 8, '5', '2024-01-04 15:27:20', '2024-01-04 15:27:20'),
(6, 12, '5', '2024-01-04 15:30:20', '2024-01-04 15:30:20'),
(8, 2, '5', '2024-01-04 15:48:04', '2024-01-04 15:48:04');

-- --------------------------------------------------------

--
-- Cấu trúc bảng cho bảng `regions`
--

DROP TABLE IF EXISTS `regions`;
CREATE TABLE IF NOT EXISTS `regions` (
  `id` int UNSIGNED NOT NULL AUTO_INCREMENT,
  `name` varchar(40) COLLATE utf8mb4_unicode_ci NOT NULL,
  `slug` varchar(20) COLLATE utf8mb4_unicode_ci NOT NULL,
  `created_at` timestamp NULL DEFAULT NULL,
  `updated_at` timestamp NULL DEFAULT NULL,
  PRIMARY KEY (`id`),
  UNIQUE KEY `regions_name_unique` (`name`),
  UNIQUE KEY `regions_slug_unique` (`slug`)
) ENGINE=MyISAM AUTO_INCREMENT=5 DEFAULT CHARSET=utf8mb4 COLLATE=utf8mb4_unicode_ci;

--
-- Đang đổ dữ liệu cho bảng `regions`
--

INSERT INTO `regions` (`id`, `name`, `slug`, `created_at`, `updated_at`) VALUES
(1, 'Miền Bắc', 'mien-bac', NULL, NULL),
(2, 'Miền Nam', 'mien-nam', NULL, NULL),
(3, 'Miền Trung', 'mien-trung', NULL, NULL),
(4, 'Miền Tây', 'mien-tay', NULL, NULL);

-- --------------------------------------------------------

--
-- Cấu trúc bảng cho bảng `reviews`
--

DROP TABLE IF EXISTS `reviews`;
CREATE TABLE IF NOT EXISTS `reviews` (
  `post_id` bigint UNSIGNED NOT NULL,
  `place_id` bigint UNSIGNED NOT NULL,
  `created_at` timestamp NULL DEFAULT NULL,
  `updated_at` timestamp NULL DEFAULT NULL,
  PRIMARY KEY (`post_id`,`place_id`),
  KEY `reviews_place_id_foreign` (`place_id`)
) ENGINE=MyISAM DEFAULT CHARSET=utf8mb4 COLLATE=utf8mb4_unicode_ci;

--
-- Đang đổ dữ liệu cho bảng `reviews`
--

INSERT INTO `reviews` (`post_id`, `place_id`, `created_at`, `updated_at`) VALUES
(1, 1, '2024-01-04 15:19:44', '2024-01-04 15:19:44'),
(2, 2, '2024-01-04 15:19:44', '2024-01-04 15:19:44'),
(3, 3, '2024-01-04 15:19:44', '2024-01-04 15:19:44'),
(3, 4, '2024-01-04 15:19:44', '2024-01-04 15:19:44'),
(3, 5, '2024-01-04 15:19:44', '2024-01-04 15:19:44'),
(3, 6, '2024-01-04 15:19:44', '2024-01-04 15:19:44'),
(3, 7, '2024-01-04 15:19:44', '2024-01-04 15:19:44'),
(4, 8, '2024-01-04 15:19:44', '2024-01-04 15:19:44'),
(5, 9, '2024-01-04 15:19:44', '2024-01-04 15:19:44'),
(5, 10, '2024-01-04 15:19:44', '2024-01-04 15:19:44'),
(5, 11, '2024-01-04 15:19:44', '2024-01-04 15:19:44'),
(6, 12, '2024-01-04 15:19:44', '2024-01-04 15:19:44'),
(6, 13, '2024-01-04 15:19:44', '2024-01-04 15:19:44'),
(6, 14, '2024-01-04 15:19:44', '2024-01-04 15:19:44'),
(6, 15, '2024-01-04 15:19:44', '2024-01-04 15:19:44'),
(7, 16, '2024-01-04 15:19:44', '2024-01-04 15:19:44'),
(8, 17, '2024-01-04 15:19:44', '2024-01-04 15:19:44'),
(9, 18, '2024-01-04 15:19:44', '2024-01-04 15:19:44'),
(10, 19, '2024-01-04 15:19:44', '2024-01-04 15:19:44'),
(11, 20, '2024-01-04 15:19:44', '2024-01-04 15:19:44'),
(12, 21, '2024-01-04 15:19:44', '2024-01-04 15:19:44'),
(13, 22, '2024-01-04 15:19:44', '2024-01-04 15:19:44'),
(13, 23, '2024-01-04 15:19:44', '2024-01-04 15:19:44'),
(13, 24, '2024-01-04 15:19:44', '2024-01-04 15:19:44');

-- --------------------------------------------------------

--
-- Cấu trúc bảng cho bảng `roles`
--

DROP TABLE IF EXISTS `roles`;
CREATE TABLE IF NOT EXISTS `roles` (
  `id` int UNSIGNED NOT NULL AUTO_INCREMENT,
  `name` varchar(50) COLLATE utf8mb4_unicode_ci NOT NULL,
  `created_at` timestamp NULL DEFAULT NULL,
  `updated_at` timestamp NULL DEFAULT NULL,
  PRIMARY KEY (`id`),
  UNIQUE KEY `roles_name_unique` (`name`)
) ENGINE=MyISAM AUTO_INCREMENT=4 DEFAULT CHARSET=utf8mb4 COLLATE=utf8mb4_unicode_ci;

--
-- Đang đổ dữ liệu cho bảng `roles`
--

INSERT INTO `roles` (`id`, `name`, `created_at`, `updated_at`) VALUES
(1, 'User', NULL, NULL),
(2, 'Admin', NULL, NULL),
(3, 'Super Admin', NULL, NULL);

-- --------------------------------------------------------

--
-- Cấu trúc bảng cho bảng `users`
--

DROP TABLE IF EXISTS `users`;
CREATE TABLE IF NOT EXISTS `users` (
  `id` bigint UNSIGNED NOT NULL AUTO_INCREMENT,
  `last_name` varchar(40) COLLATE utf8mb4_unicode_ci NOT NULL,
  `first_name` varchar(20) COLLATE utf8mb4_unicode_ci NOT NULL,
  `email` varchar(191) COLLATE utf8mb4_unicode_ci NOT NULL,
  `password` varchar(255) COLLATE utf8mb4_unicode_ci NOT NULL,
  `phone` varchar(10) COLLATE utf8mb4_unicode_ci DEFAULT NULL,
  `avatar` varchar(255) COLLATE utf8mb4_unicode_ci DEFAULT NULL,
  `role_id` int UNSIGNED NOT NULL DEFAULT '1',
  `is_active` tinyint(1) NOT NULL DEFAULT '1',
  `email_verified_at` timestamp NULL DEFAULT NULL,
  `remember_token` varchar(100) COLLATE utf8mb4_unicode_ci DEFAULT NULL,
  `created_at` timestamp NULL DEFAULT NULL,
  `updated_at` timestamp NULL DEFAULT NULL,
  PRIMARY KEY (`id`),
  UNIQUE KEY `users_email_unique` (`email`),
  UNIQUE KEY `users_phone_unique` (`phone`),
  KEY `users_role_id_foreign` (`role_id`)
) ENGINE=MyISAM AUTO_INCREMENT=14 DEFAULT CHARSET=utf8mb4 COLLATE=utf8mb4_unicode_ci;

--
-- Đang đổ dữ liệu cho bảng `users`
--

INSERT INTO `users` (`id`, `last_name`, `first_name`, `email`, `password`, `phone`, `avatar`, `role_id`, `is_active`, `email_verified_at`, `remember_token`, `created_at`, `updated_at`) VALUES
(1, 'Price', 'Cassie', 'ortiz.mariana@gmail.com', '$2y$10$jwHpXVyIuRy8mMAe8pSYf.Pulxikr7Js6ypdsCP7GjVujGXB2bDCy', NULL, '1.jpg', 1, 1, '2024-01-04 15:19:43', NULL, '2024-01-04 15:19:43', '2024-01-04 15:19:43'),
(2, 'Destini Ryan DDS', 'Ms.', 'vpaucek@gmail.net', '$2y$10$5O6uklkXOfX2kvUPk529rOvmQ2r.J5fLhJkB483ikR4sDMs.fD15q', NULL, '2.jpg', 1, 1, '2024-01-04 15:19:43', NULL, '2024-01-04 15:19:43', '2024-01-04 15:19:43'),
(3, 'Batz', 'Kamille', 'barry.harber@gmail.com', '$2y$10$1Kxy2a8HdLk50JAJcqW2feJj6iGszktgT.kJLRfcXjVlW6k6WNU0S', NULL, '3.jpg', 1, 1, '2024-01-04 15:19:43', NULL, '2024-01-04 15:19:43', '2024-01-04 15:19:43'),
(4, 'Toy', 'Aaron', 'chance.hane@gmail.org', '$2y$10$ikOgQ2Jbty74I/wz9Rs3ZO.IMnB5b3ihyBmtqP3MTSfY5LRaWnSja', NULL, '4.jpg', 1, 1, '2024-01-04 15:19:43', NULL, '2024-01-04 15:19:43', '2024-01-04 15:19:43'),
(5, 'Zion Ferry', 'Prof.', 'hodkiewicz.lauriane@gmail.net', '$2y$10$rq5X2gSBYgvsIzBTZbyIFuPioJxosiVGlaVVJCM1ES8kIeiv/eBbG', NULL, '5.jpg', 1, 1, '2024-01-04 15:19:43', NULL, '2024-01-04 15:19:43', '2024-01-04 15:19:43'),
(6, 'Nguyễn Thị Bích', 'Phượng', 'superadmin@gmail.com', '$2y$10$eiOY4tDFOrZWNipFSFV38u6eXH2l9lhkbwRuhxpu8PBcE6d5GARum', '0123456789', '6.jpg', 3, 1, '2023-10-12 18:48:00', NULL, '2023-10-12 18:48:00', '2023-10-12 18:48:00'),
(7, 'Bùi Lê Anh', 'Nguyên', '22521718@gm.uit.edu.vn', '$2y$10$kSQ3rqz7PL5m9dmVUKHYAeCZt/Fk0ep51lzMQl2yiKOg/IfWYviPC', '1123456789', '7.jpg', 2, 1, '2023-10-14 18:48:00', NULL, '2023-10-14 18:48:00', '2023-10-14 18:48:00'),
(8, 'Trần Thị', 'Thương', 'user@gmail.com', '$2y$10$nDroikmWrgIxv9NHSI0Y9unIYeo0.zwB9xo98esF8So5RX9B1frQu', NULL, '8.jpg', 1, 1, '2023-10-17 19:48:00', NULL, '2023-10-15 18:48:00', '2024-01-04 17:28:25'),
(9, 'Lê Ngọc', 'Phương', 'midorimato0082@gmail.com', '$2y$10$uuCXKfPnQQr6NNnuucrHkep0ntCTPaMjFduTGwkiRVI2NlVULw2G6', NULL, '9.jpg', 1, 1, NULL, NULL, '2023-10-17 18:48:00', '2023-10-17 18:48:00'),
(10, 'Lê Minh', 'Trí', '22521543@gm.uit.edu.vn', '$2y$10$Nghx8roT3ML3LHsOx6gAzOBrgZjm/PTO3EZgaAsK3FIUoJZY2ZwGy', '2123456789', '10.jpg', 2, 1, '2023-10-18 18:48:00', NULL, '2023-10-18 18:48:00', '2023-10-18 18:48:00'),
(11, 'Trần Minh', 'Tuấn', 'noactive@gmail.com', '$2y$10$F2DBmEWvcI/n.qTQhqZp4ONHiLYEkFHzs1ilBS8mHQ4J36NaYleaa', NULL, NULL, 1, 0, '2023-10-19 19:48:00', NULL, '2023-10-19 18:48:00', '2023-10-19 18:48:00'),
(12, 'Phạm Hoàng', 'Tính', '22521484@gm.uit.edu.vn', '$2y$10$vLwTu/b2dB6LWv0pUAWBW.dMTyLJYGDJkB/.gudFaXg5GQTD/a1J.', '3123456789', '11.jpg', 2, 1, '2023-10-20 18:48:00', NULL, '2023-10-20 18:48:00', '2023-10-20 18:48:00'),
(13, 'Hồ Ngọc', 'Hà', 'admin@gmail.com', '$2y$10$XaKdPg/73HEWKgIH4.LKtOMQVveeDNwCkxPDytv82RPRq30cKopbm', '4123456789', NULL, 1, 1, '2023-11-04 19:48:00', NULL, '2023-11-04 18:48:00', '2023-11-04 18:48:00');
COMMIT;

/*!40101 SET CHARACTER_SET_CLIENT=@OLD_CHARACTER_SET_CLIENT */;
/*!40101 SET CHARACTER_SET_RESULTS=@OLD_CHARACTER_SET_RESULTS */;
/*!40101 SET COLLATION_CONNECTION=@OLD_COLLATION_CONNECTION */;
